"GKA",10
"MAG",10
"HGU",10
"LAE",10
"POM",10
"WWK",10
"UAK",-3
"GOH",-3
"SFJ",-3
"THU",-4
"AEY",0
"EGS",0
"HFN",0
"HZK",0
"IFJ",0
"KEF",0
"PFJ",0
"RKV",0
"SIJ",0
"VEY",0
"YAM",-5
"YAV",-6
"YAW",-4
"YAY",-4
"YAZ",-8
"YBB",-6
"YBC",-5
"YBG",-5
"YBK",-6
"YBL",-8
"YBR",-6
"YCB",-7
"YCD",-8
"YCG",-8
"YCH",-4
"YCL",-4
"YCO",-7
"YCT",-7
"YCW",-8
"YCY",-5
"YZS",-7
"YDA",-8
"YDB",-8
"YDC",-8
"YDF",-4
"YDL",-8
"YDN",-6
"YDQ",-7
"YEG",-7
"YEK",-6
"YEN",-6
"YET",-7
"YEU",-6
"YEV",-7
"YFB",-5
"YFC",-4
,-5
"YFO",-6
"YFR",-7
"YFS",-7
"YGK",-5
"YGL",-5
"YGP",-5
"YGQ",-5
"YGR",-4
"YHB",-6
"YHD",-6
"YHI",-7
"YHK",-6
"YHM",-5
"YHU",-5
"YHY",-7
"YHZ",-4
"YIB",-6
"YIO",-5
"YJN",-5
"YJT",-4
"YKA",-8
"YKF",-5
"YKL",-4
"YKY",-6
"YKZ",-5
"YLD",-5
"YLJ",-6
"YLL",-6
"YLT",-5
"YLW",-8
"YMA",-8
"YMJ",-6
"YMM",-7
"YMO",-5
"YMW",-5
"YMX",-5
"YNA",-4
"YND",-5
"YNM",-5
"YOC",-8
"YOD",-7
"YOJ",-7
"YOW",-5
"YPA",-6
"YPE",-7
"YPG",-6
,-8
"YPL",-6
"YPN",-5
"YPQ",-5
"YPR",-8
"YPY",-7
"YQA",-5
"YQB",-5
"YQF",-7
"YQG",-5
"YQH",-8
"YQK",-6
"YQL",-7
"YQM",-4
"YQQ",-8
"YQR",-6
"YQT",-5
"YQU",-7
"YQV",-6
"YQW",-6
"YQX",-4
"YQY",-4
"YQZ",-8
"YRB",-6
"YRI",-5
"YRJ",-5
"YRM",-7
"YRT",-6
"YSB",-5
"YSC",-5
"YSJ",-4
"YSM",-7
"YSR",-5
"YSU",-4
"YSY",-7
"YTE",-5
"YTH",-6
"YTR",-5
"YTS",-5
"YTZ",-5
"YUB",-7
"YUL",-5
"YUT",-6
"YUX",-5
"YUY",-5
"YVC",-6
"YVG",-7
"YVM",-5
"YVO",-5
"YVP",-5
"YVQ",-7
"YVR",-8
"YVT",-6
"YVV",-5
"YWA",-5
"YWG",-6
"YWK",-4
"YWL",-8
"YWY",-7
"YXC",-7
"YXD",-7
"YXE",-6
"YXH",-7
"YXJ",-8
"YXL",-6
"YXP",-5
"YXR",-5
"YXS",-8
"YXT",-8
"YXU",-5
"YXX",-8
"YXY",-8
"YYB",-5
"YYC",-7
"YYD",-8
"YYE",-8
"YYF",-8
"YYG",-4
"YYH",-6
"YYJ",-8
"YYL",-6
"YYN",-6
"YYQ",-6
"YYR",-4
"YYT",-4
"YYU",-5
"YYW",-5
"YYY",-5
"YYZ",-5
"YZD",-5
"YZE",-5
"YZF",-7
"YZH",-7
"YZP",-8
"YZR",-5
"YZT",-8
"YZU",-7
"YZV",-5
"YZW",-8
"YZX",-4
"ZFA",-8
"ZFM",-7
,1
,1
"BJA",1
"ALG",1
"DJG",1
,1
,1
"VVZ",1
,1
"TMR",1
"GJL",1
,1
,1
"AAE",1
"CZL",1
"TEE",1
"HRM",1
"TID",1
,1
"TIN",1
"QAS",1
"TAF",1
"TLM",1
"ORN",1
,1
"MUW",1
"AZR",1
"BSK",1
"ELG",1
"GHA",1
"HME",1
"INZ",1
"TGR",1
"LOO",1
"TMX",1
"OGX",1
"IAM",1
"COO",1
"OUA",0
"BOY",0
"ACC",0
"TML",0
,0
"NYI",0
"TKD",0
"ABJ",0
"BYK",0
"DJO",0
"HGO",0
"MJC",0
"SPY",0
"ASK",0
"ABV",1
"AKR",1
"BNI",1
"CBQ",1
"ENU",1
"QUS",1
"IBA",1
"ILR",1
"JOS",1
"KAD",1
"KAN",1
"MIU",1
"MDI",1
"LOS",1
"MXJ",1
"PHC",1
"SKO",1
"YOL",1
"ZAR",1
"MFQ",1
"NIM",1
"THZ",1
"AJY",1
,1
,1
"ZND",1
"MIR",1
"TUN",1
,1
,1
"GAF",1
"GAE",1
,1
"DJE",1
"EBM",1
"SFA",1
"TOE",1
"LRL",1
"LFW",1
"ANR",1
,1
,1
"BRU",1
,1
"CRL",1
,1
,1
,1
"QKT",1
"LGG",1
"OST",1
,1
,1
,1
,1
,1
,1
"BBJ",1
"AOC",1
,1
,1
"4I7",-5
,1
,1
,1
,1
,1
,1
,1
,1
,1
,1
,1
,1
,1
,1
,1
"SXF",1
"DRS",1
"ERF",1
"FRA",1
"FMO",1
"HAM",1
"THF",1
"CGN",1
"DUS",1
"MUC",1
"NUE",1
"LEJ",1
"SCN",1
"STR",1
"TXL",1
"HAJ",1
"BRE",1
,1
"HHN",1
"MHG",1
,1
,1
,1
,1
,1
"XFW",1
"KEL",1
"LBC",1
,1
,1
"ZCA",1
"ESS",1
,1
"MGL",1
"PAD",1
,1
"DTM",1
"AGB",1
,1
,1
,1
"OBF",1
,1
,1
,1
"FDH",1
"SZW",1
,1
,1
"BYU",1
,1
"HOQ",1
,1
"ZNV",1
"ZQF",1
"ZQC",1
,1
"ZQL",1
,1
,1
,1
,1
"BWE",1
"KSF",1
,1
"BRV",1
"EME",1
,1
"WVN",1
"BMK",1
"NRD",1
"FLF",1
,1
"GWT",1
"KDL",2
,2
"URE",2
"EPU",2
"TLL",2
"TAY",2
"ENF",2
,2
"KEV",2
"HEM",2
"HEL",2
,2
,2
,2
,2
,3
,3
"IVL",2
"JOE",2
"JYV",2
"KAU",2
"KEM",2
"KAJ",2
,2
"KOK",2
,2
"KAO",2
"KTT",2
"KUO",2
,2
"LPP",2
"MHQ",1
,2
"MIK",2
,2
"OUL",2
,2
"POR",2
,2
,2
,2
,2
"RVN",2
,2
"SVL",2
,2
"SOT",2
"TMP",2
,2
"TKU",2
"QVY",2
"VAA",2
"VRK",2
,2
"BFS",0
"ENK",0
"BHD",0
"LDY",0
"BHX",0
"CVT",0
,0
"GLO",0
,0
,0
,0
,0
"MAN",0
,0
,0
"NQY",0
"LYE",0
,0
,0
,0
"YEO",0
,0
"CWL",0
"SWS",0
"BRS",0
"LPL",0
"LTN",0
"PLH",0
"BOH",0
"SOU",0
"QLA",0
"ACI",0
"GCI",0
"JER",0
"ESH",0
"BQH",0
"LGW",0
"LCY",0
"FAB",0
,0
"BBS",0
"LHR",0
"SEN",0
"LYX",0
"MSE",0
,0
"CAX",0
,0
"BLK",0
"HUY",0
"BWF",0
"LBA",0
,0
"CEG",0
"IOM",0
"NCL",0
"MME",0
"EMA",0
,0
,0
,0
,0
"KOI",0
"LSI",0
"WIC",0
"ABZ",0
"INV",0
"GLA",0
"EDI",0
"ILY",0
"PIK",0
"BEB",0
"SDZ",0
"DND",0
"SYY",0
"TRE",0
"ADX",0
"LMO",0
"CBG",0
,0
"NWI",0
"STN",0
,0
,0
,0
"EXT",0
"FZO",0
"OXF",0
,0
,0
"MHZ",0
,0
,0
"FFD",0
"BZZ",0
"ODH",0
,0
"NHT",0
"QCY",0
,0
,0
,0
"BEQ",0
,0
,0
,0
,0
"WTN",0
,0
,0
,0
"KNF",0
"MPN",-4
"AMS",1
,1
"MST",1
,1
,1
"EIN",1
"GRQ",1
,1
"DHR",1
,1
"LWR",1
"RTM",1
"UTC",1
"ENS",1
"LID",1
"WOE",1
"ORK",0
"GWY",0
"DUB",0
"NOC",0
"KIR",0
,0
"SNN",0
"SXL",0
"WAT",0
"AAR",1
"BLL",1
"CPH",1
"EBJ",1
,1
"KRP",1
,1
,1
"ODE",1
,1
"RKE",1
"RNN",1
"SGD",1
"SKS",1
,1
"TED",1
,1
"FAE",0
,1
"STA",1
"AAL",1
"LUX",1
"AES",1
"ANX",1
"ALF",1
,1
"BNN",1
"BOO",1
"BGO",1
"BJF",1
"KRS",1
,1
"BDU",1
"EVE",1
"VDB",1
"FRO",1
"OSL",1
"HAU",1
"HAA",1
"KSU",1
,1
"KKN",1
"FAN",1
"MOL",1
"MJF",1
"LKL",1
,1
"OLA",1
"RRS",1
"RYG",1
"LYR",1
"SKE",1
"SRP",1
"SSJ",1
"TOS",1
"TRF",1
"TRD",1
"SVG",1
,1
"GDN",1
"KRK",1
,1
"KTW",1
,1
"POZ",1
"RZE",1
"SZZ",1
"OSP",1
,1
"WAW",1
"WRO",1
"IEG",1
,1
,1
,1
"RNB",1
,1
"GOT",1
"JKG",1
,1
"LDK",1
"GSE",1
"KVB",1
"THN",1
,1
,1
,1
"KSK",1
"MXX",1
"NYO",1
,1
,1
,1
"KID",1
"JLD",1
"OSK",1
,1
"KLR",1
"MMX",1
"HAD",1
,1
"VXO",1
,1
,1
"EVG",1
"GEV",1
"HUV",1
,1
"KRF",1
"LYC",1
,1
"SDL",1
"OER",1
,1
"KRN",1
,1
"SFT",1
,1
"UME",1
"VHM",1
"AJR",1
"ORB",1
"VST",1
"LLA",1
,1
,1
"ARN",1
"BMA",1
"BLE",1
"HLF",1
"GVX",1
"LPI",1
"NRK",1
,1
"VBY",1
,1
"SPM",1
"RMS",1
,1
"GHF",1
,1
"ZCN",1
,1
,1
,1
,1
,1
,1
,1
,1
"ZNF",1
,1
,1
,1
,1
"GKE",1
,1
,1
"RLG",1
,1
,1
,1
,1
,1
,1
,1
,1
,1
,1
,1
"FEL",1
,1
,1
,1
,1
"GUT",1
"ALJ",2
"AGZ",2
,2
"VIY",2
"BFN",2
,2
,2
"CPT",2
,2
"DUR",2
"ELS",2
,2
,2
"GCJ",2
"GRJ",2
,2
,2
,2
,2
,2
"HDS",2
,2
"JNB",2
,2
"KIM",2
,2
,2
,2
"KLZ",2
"HLA",2
,2
,2
,2
"LAY",2
,2
"MGH",2
,2
,2
,-3
,2
"MEZ",2
,2
"NCS",2
,2
,2
"DUH",2
"PLZ",2
,2
"PHW",2
"PTG",2
,2
"PZB",2
"NTY",2
,2
,2
,2
"UTW",2
"RCB",2
,2
,2
"SBU",2
,2
,2
,2
,2
"SIS",2
,2
"SZK",2
,2
,2
,2
"LTA",2
"ULD",2
"UTN",2
"UTT",2
"VRU",2
"VIR",2
,2
,2
"PRY",2
,2
,2
"WEL",2
,2
,2
"FRW",2
"JWA",2
"BBK",2
"MUB",2
"GBE",2
"PKW",2
"BZV",1
"FTX",1
"OUE",1
"PNR",1
"MTS",2
"BGF",1
"BBT",1
"BSG",1
"SSG",1
,0
"MRU",5
"RRG",4
,6
"TKC",1
"DLA",1
"MVR",1
"FOM",1
"NGE",1
"GOU",1
"BFX",1
"BPC",1
"YAO",1
,2
"LVI",2
"LUN",2
"MFU",2
,2
"NLA",2
"KIW",2
"HAH",3
"NWA",3
"AJN",3
"DZA",3
"RUN",5
"ZSE",5
"TNR",3
"ZVA",3
"SMS",3
"TMM",3
"MOQ",3
"DIE",3
"WMR",3
"ZWA",3
"AMB",3
"ANM",3
"HVA",3
"MJN",3
"NOS",3
"BPY",3
"WMN",3
"SVB",3
"VOH",3
"WAI",3
,3
"FTU",3
"WFI",3
"RVA",3
"WVK",3
"MNJ",3
"MXM",3
"TLE",3
"SSY",1
"BUG",1
"CAB",1
"CPX",-4
"NOV",1
"SVP",1
,1
"LAD",1
"MEG",1
"SPP",1
"GXG",1
"PBN",1
"VHC",1
"SZA",1
"SDD",1
"LUO",1
"UGO",1
"XGN",1
"OYE",1
"OKN",1
"LBQ",1
"BMM",1
"POG",1
"OMB",1
"MKU",1
"LBV",1
"MVB",1
"PCP",0
"TMS",0
"BEW",2
"INH",2
"VXC",2
,2
"MPM",2
,2
"MZB",2
,2
"MNC",2
"APL",2
"POL",2
"UEL",2
,2
"TET",2
,2
"VNX",2
,4
"DES",4
,4
"SEZ",4
"PRI",4
,4
"AEH",1
"MQQ",1
"NDJ",1
"FYT",1
"BUQ",2
,2
"BFO",2
"VFA",2
"HRE",2
"KAB",2
,2
,2
"MVZ",2
,2
"GWE",2
"WKM",2
"BLZ",2
"KGJ",2
,2
"LLW",2
"ZZU",2
"MSU",2
,2
"FIH",1
"NLO",1
"MNB",1
,1
"FDU",1
"KKW",1
"MDK",1
"BDT",1
"GMA",1
,1
"LIQ",1
"FKI",2
"IRP",2
"BUX",2
,2
"BKY",2
"GOM",2
"KND",2
"FBM",2
"KWZ",2
"FMI",2
"KMN",2
"KGA",2
"MJM",2
"BKO",0
"GAQ",0
"KYS",0
"MZI",0
"TOM",0
,0
"BJL",0
"FUE",0
"VDE",0
"SPC",0
"LPA",0
"ACE",0
"TFS",0
"TFN",0
"MLN",0
"FNA",0
,0
"MLW",0
"ROB",0
"AGA",0
"TTA",0
"FEZ",0
,0
"ERH",0
"MEK",0
"OUD",1
,0
"RBA",0
"CMN",0
"RAK",0
"NNA",0
"OZZ",0
"AHU",0
"TTU",0
"TNG",0
"ZIG",0
"CSK",0
"KLC",0
"DKR",0
"XLS",0
"BXE",0
"KGG",0
"TUD",0
"IEO",0
"TIY",0
"KFA",0
"EMN",0
"KED",0
"NKC",0
"SEY",0
"ATR",0
"NDB",0
,0
"FIG",0
"FAA",0
"LEK",0
"SID",-1
"BVC",-1
"MMO",-1
"SNE",-1
"VXE",-1
"ADD",3
,3
"AMH",3
"AXU",3
"BJR",3
"DIR",3
"GMB",3
"GDQ",3
,3
"JIM",3
"LLI",3
"MQX",3
"ASO",3
"BJM",2
"HGA",3
"BBO",3
"KMU",3
"C91",-5
"ALY",2
"ABS",2
"CAI",2
,2
"HRG",2
,2
"LXR",2
"MUH",2
"PSD",2
"SKV",2
"ASW",2
"ELT",2
"EDL",3
,3
"KIS",3
"KTL",3
"CDI",-5
"LOK",3
"LAU",3
"MBA",3
,3
"WIL",3
,3
"WJR",3
,1
,1
"GHT",1
"AKF",1
"BEN",1
"SEB",1
"TIP",1
,1
,1
,1
,1
"LTD",1
,1
"GYI",2
"KGL",2
"KME",2
"DOG",2
,2
"ELF",2
"KSL",2
,2
"EBD",2
"JUB",2
"MAK",2
"KRT",2
"ARK",3
"DAR",3
"DOD",3
"IRI",3
"JRO",3
"LKY",3
"MYW",2
"MWZ",3
"PMA",3
"TGT",3
"ZNZ",3
"EBB",3
"QDU",1
"SRT",3
"TIA",1
"BOJ",2
"GOZ",2
"PDV",2
"SOF",2
,2
"VAR",2
"LCA",2
"PFO",2
"AKT",2
"DBV",1
,1
"OSI",1
"PUY",1
,1
"RJK",1
"SPU",1
,1
"ZAG",1
"ZAD",1
,1
,1
"ALC",1
"LEI",1
"OVD",1
"ODB",1
"BIO",1
"BCN",1
"BJZ",1
"LCG",1
,1
"GRO",1
"GRX",1
,1
"IBZ",1
"XRY",1
"MJV",1
"PKH",2
"MAD",1
"AGP",1
"MAH",1
"OZP",1
,1
"PNA",1
,1
"REU",1
,1
"SLM",1
,1
,1
,1
"EAS",1
"SCQ",1
"LEU",1
"TOJ",1
"VLC",1
"VLL",1
,1
"VIT",1
"VGO",1
"SDR",1
"ZAZ",1
"SVQ",1
"CQF",1
,1
,1
,1
,1
"LTQ",1
,1
,1
"AGF",1
,1
"BOD",1
"EGC",1
,1
"CNG",1
"PIS",1
,1
"LIG",1
,1
"NIT",1
"TLS",1
"PUF",1
,1
"LDE",1
"ANG",1
"BVE",1
"PGX",1
"BIQ",1
,1
,1
"XAC",1
"LBI",1
"DCM",1
,1
,1
,1
"RDZ",1
,1
,1
"RYN",1
,1
,1
,1
,1
,1
,1
,1
"RCO",1
,1
,1
,1
,1
,1
"CMR",1
,1
"DLE",1
,1
,1
"OBS",1
"LPY",1
,1
"XBK",1
"XVF",1
"XMU",1
,1
,1
"ETZ",1
"BIA",1
"CLY",1
"FSC",1
"AJA",1
,1
"SOZ",1
,1
"AUF",1
"CMF",1
"CFE",1
"BOU",1
,1
"XCD",1
"QNJ",1
"LYS",1
"QNX",1
,1
"RNE",1
"NCY",1
"GNB",1
"MCU",1
"VAF",1
"VHY",1
"AUR",1
"CHR",1
"LYN",1
"QXB",1
,1
"CEQ",1
"EBU",1
,1
"CCF",1
"MRS",1
"NCE",1
,1
"PGF",1
"CTT",1
,1
"MPL",1
"BZR",1
"AVN",1
,1
,1
"MEN",1
,1
,1
"BVA",1
,1
,1
,1
"LEH",1
,1
"ORE",1
,1
"URO",1
"TUF",1
"CET",1
"LVA",1
,1
"LBG",1
"CSF",1
"CDG",1
,1
,1
"TNF",1
"ORY",1
"POX",1
,1
,1
"QYR",1
,1
,1
,1
"NVS",1
,1
,1
,1
,1
"LIL",1
,1
,1
,1
"BES",1
"CER",1
"DNR",1
,1
,1
"DOL",1
"LRT",1
"EDM",1
,1
"CFR",1
,1
"LME",1
"RNS",1
"LAI",1
"UIP",1
"NTE",1
"SBK",1
"MXN",1
"VNE",1
"SNR",1
"MLH",1
,1
"DIJ",1
"MZM",1
"EPL",1
,1
,1
,1
"ENC",1
,1
,1
"RHE",1
"SXB",1
,1
,1
"TLN",1
"FNI",1
,-4
"FSP",-4
,1
,1
"PYR",2
"AGQ",2
"AXD",2
,2
"VOL",2
,2
"JKH",2
"IOA",2
"HER",2
"KSO",2
"KIT",2
"EFL",2
"KLX",2
,2
"KGS",2
"AOK",2
"CFU",2
"KSJ",2
"KVA",2
"KZI",2
"LRS",2
"LXS",2
"LRA",2
,2
"JMK",2
"MJT",2
"PVK",2
,2
"RHO",2
"GPA",2
"CHQ",2
"JSI",2
"SMI",2
"LYM",0
,2
"JTR",2
"JSH",2
,2
"SKU",2
,2
,2
,2
"SKG",2
,2
"ZTH",2
"BUD",1
"DEB",1
,1
,1
,1
"SUE",-6
,1
,1
,1
"CRV",1
"BRI",1
"FOG",1
"TAR",1
"LCC",1
"PSR",1
"BDS",1
,1
"SUF",1
"CTA",1
"LMP",1
"PNL",1
"PMO",1
,1
"REG",1
"TPS",1
"NSY",1
"AHO",1
"DCI",1
"CAG",1
"OLB",1
"TTB",1
,1
,1
"MXP",1
"BGY",1
"TRN",1
"ALL",1
"GOA",1
"LIN",1
,1
"PMF",1
"QPZ",1
"0P2",-5
"CUF",1
"AVB",1
"BZO",1
,1
"BLQ",1
"TSF",1
,1
"FRL",1
,1
,1
"VBS",1
"TRS",1
"RMI",1
,1
"VIC",1
"QPA",1
"VRN",1
"VCE",1
"SAY",1
"CIA",1
,1
"FCO",1
,1
"EBA",1
"QLT",1
,1
"NAP",1
"PSA",1
"FLR",1
"GRS",1
,1
,1
"PEG",1
,1
"LJU",1
"MBX",1
"POW",1
,1
,1
,1
,1
,1
,1
,1
"KLV",1
,1
,1
"OSR",1
,1
"PED",1
,1
"PRV",1
"PRG",1
"BRQ",1
,1
"TLV",2
"BEV",2
,2
,2
"ETH",2
,2
"HFA",2
,2
"RPN",2
,2
,2
,2
"VDA",2
,2
,2
"SDV",2
"MLA",1
,1
,1
"GRZ",1
"INN",1
"LNZ",1
"SZG",1
"VIE",1
,1
,1
,0
"SMA",-1
"BGC",0
,0
,0
,0
,0
,0
,0
"FLW",-1
"FAO",0
"GRW",-1
"HOR",-1
"TER",-1
,0
,0
,0
"PDL",-1
"PIX",-1
,0
"OPO",0
"PXO",0
"LIS",0
"SJZ",-1
,0
,0
"VRL",0
,0
"PDT",-7
"OMO",1
"SJJ",1
"ARW",2
"BCM",2
"BAY",2
"BBU",2
"CND",2
"CLJ",2
"CSB",2
"CRA",2
"IAS",2
"OMR",2
"OTP",2
"SBZ",2
"SUJ",2
"SCV",2
"TCE",2
"TGM",2
"TSR",2
,1
"GVA",1
,1
"SIR",1
,1
,1
,1
,1
,1
,1
,1
"LUG",1
"BRN",1
,1
"ZRH",1
"ACH",1
"SMV",1
,2
"ESB",2
"ANK",2
,2
"ADA",2
,2
"AFY",2
"AYT",2
"GZT",2
,2
"KYA",2
,2
"MZH",2
"VAS",2
"MLX",2
"ASR",2
,2
,2
"DNZ",2
"IST",2
"BZI",2
"BDM",2
"TYE",-8
"ESK",2
"ADB",2
,2
"IGL",2
,2
,2
,2
,2
"DLM",2
,2
"RIW",-7
"BXN",2
,2
"EZS",2
"DIY",2
"ERC",2
"ERZ",2
"TZX",2
"MTJ",-7
"VAN",2
"BAL",2
,2
,2
,2
,2
"KIV",2
"OHD",1
"SKP",1
"GIB",1
"BEG",1
"INI",1
"TGD",1
"PRN",1
"TIV",1
,1
"BTS",1
"KSC",1
,1
"PZY",1
"SLD",1
,1
"TAT",1
"1CS",-6
"NCA",-5
"PLS",-5
"XSC",-5
"EPS",-4
"BRX",-4
,-4
"LRM",-4
"PUJ",-4
"POP",-4
"SDQ",-4
,-4
"STI",-4
,-6
"CBV",-6
"GUA",-6
,-6
,-6
"LCE",-6
"SAP",-6
"GJA",-6
"RTB",-6
"TEA",-6
"TGU",-6
,-6
"OCJ",-5
"KIN",-5
"MBJ",-5
"POT",-5
"KTP",-5
"ACA",-6
"NTR",-6
"AGU",-6
"HUX",-6
"CVJ",-6
,-6
"CME",-6
,-6
,-6
"CUL",-7
"CTM",-6
"CEN",-7
"CPE",-6
"CJS",-6
"CUU",-6
"CVM",-6
"ENW",-6
"CZM",-6
"DGO",-6
"TPQ",-6
"ESE",-8
"GDL",-6
"GYM",-7
"TCN",-6
"HMO",-7
"CLQ",-6
"ISJ",-6
"SLW",-6
,-6
"LZC",-6
"LMM",-7
"BJX",-6
"LAP",-7
"LTO",-7
"MAM",-6
"MID",-6
"MXL",-8
"MLM",-6
"MTT",-6
"LOV",-6
"MEX",-6
"MTY",-6
"MZT",-7
"NOG",-7
"NLD",-6
"OAX",-6
"PAZ",-6
"PBC",-6
"PCA",-6
"PPE",-7
"PDS",-6
"UPN",-6
"PVR",-6
"PXM",-6
"QRO",-6
"REX",-6
"SJD",-7
,-8
"SLP",-6
"TXA",-6
,-6
"TRC",-6
"TGZ",-6
"TIJ",-8
"TAM",-6
"TSL",-6
"TLC",-6
"TAP",-6
"CUN",-6
"VSA",-6
"VER",-6
"ZCL",-6
"ZIH",-6
"ZMM",-6
"ZLO",-6
,-6
"BEF",-6
,-6
,-6
"MGA",-6
"PUZ",-6
"BOC",-5
"CHX",-5
"DAV",-5
"HOW",-5
"PAC",-5
,-5
"PTY",-5
,-6
"VGT",-7
"OTR",-5
,-6
,-5
,-6
,-6
"GLF",-6
,-6
"LIR",-6
,-6
"LIO",-6
"NOB",-6
"SJO",-6
,-6
"PMZ",-6
"XQP",-6
,-6
,-5
"SAL",-6
,-6
,-5
"CAP",-5
,-5
"PAP",-5
"BCA",-5
"BYM",-5
"AVI",-5
,-5
"CFG",-5
"CYO",-5
"CMW",-5
"SCU",-5
,-5
,-5
"GAO",-5
"HAV",-5
"HOG",-5
"LCL",-5
"MOA",-5
"MZO",-5
"GER",-5
,-5
,-5
,-5
"SNU",-5
,-5
,-5
,-5
"C02",-6
"VRA",-5
"VTU",-5
"CYB",-5
"GCM",-5
,-5
"ASD",-5
"MHH",-5
"SAQ",-5
"AXP",-5
,-5
"TCB",-5
"CCZ",-5
,-5
"BIM",-5
"DKB",-6
"GGT",-5
,-5
"ELH",-5
"GHB",-5
,-5
"RSD",-5
,-5
"FPO",-5
"IGA",-5
"LGI",-5
"SML",-5
"MYG",-5
"NAS",-5
,-5
,-5
"ZSA",-5
"BZE",-6
"AIT",-10
"RAR",-10
"NAN",12
"SUV",12
"TBU",13
"VAV",13
"TRW",12
"TBF",12
"MTL",10
"WLS",12
"APW",-11
"PPG",-11
"RUR",-10
"TUB",-10
"AAA",-10
,-10
"TIH",-10
"REA",-10
"FAV",-10
"XMH",-10
"GMR",-9
"KKR",-10
"MKP",-10
"PKP",-10
"TKP",-10
"AXR",-10
"MVT",-10
"TKX",-10
"NHV",-10
"LAF",-5
"BOB",-10
"RGI",-10
"HUH",-10
"MOZ",-10
"HOI",-10
"MAU",-10
"RFP",-10
"VLI",11
"KNQ",11
"KOC",11
"LIF",11
"GEA",11
"MEE",11
"TOU",11
"UVE",11
"NOU",11
"AKL",12
"TUO",12
,12
"CHC",12
"CHT",13
"DUD",12
"GIS",12
"MON",12
"HKK",12
"HLZ",12
,12
"KKE",12
"KAT",12
"ALR",12
"GTN",12
"TEU",12
"MRO",12
"NPL",12
"NSN",12
"IVC",12
,12
"OAM",12
"PMR",12
"PPQ",12
"ZQN",12
"ROT",12
,12
,127
"TRG",12
"TIU",12
,12
"BHE",12
,0
"WKA",12
,12
"WHK",12
"WLG",12
,12
,12
"WRE",12
"WSZ",12
"WAG",12
"HEA",5
"JAA",5
"KBL",5
"KDH",5
"MMZ",5
"MZR",5
,5
,5
"UND",5
"BAH",3
,3
"AHB",3
"HOF",3
"ABT",3
"BHH",3
,3
"DMM",3
"DHA",3
"GIZ",3
"ELQ",3
"URY",3
"HAS",3
,3
,3
"JED",3
"HBT",3
"MED",3
"EAM",3
"AQI",3
,3
,3
,3
,3
"RAH",3
"RUH",3
,3
"RAE",3
,3
"SHW",3
"DGE",10
"SLF",3
"TUU",3
"TIF",3
,3
,3
"TUI",3
"OXD",-5
"EJH",3
"YNB",3
"ABD",4
,4
,4
,4
"QMJ",4
,4
"MRX",4
"AWZ",4
,4
"BUZ",4
,4
,4
"KIH",4
"BDH",4
,4
,4
,4
"KSH",4
"SDG",4
,4
,4
,4
,4
,4
"RAS",4
"MIE",-5
,4
,4
,4
,4
,4
,4
"THR",4
,4
,4
"BND",4
,4
"KER",4
,4
,4
,4
"XBJ",4
,5
,4
"WSY",10
,4
,4
"RZR",4
"RAF",-3
,4
,4
,4
"SYZ",4
,4
"QSA",1
"TBZ",4
,4
"AZD",4
,4
"ZBR",4
"ZAH",4
,4
,4
"AMM",2
"ADJ",2
"AQJ",2
,2
,2
"OMF",2
"KWI",3
"BEY",2
,2
"AUH",4
"AZI",4
,4
,4
"MVA",0
,4
,4
,4
,4
"DXB",4
"FJR",4
"RKT",4
"SHJ",4
"KHS",4
"MSH",4
"MCT",4
"SLL",4
"TTH",4
,5
,0
"XYD",1
"LYP",5
"GWD",5
"GIL",5
,5
"KHI",5
"LHE",5
,5
,5
"MFG",5
,5
"MJD",5
,5
"MUX",5
"WNS",5
,5
"PJG",5
"PSI",5
"PEW",5
,5
"UET",5
"RYK",5
"ISB",5
,5
"RAZ",5
"1RL",-7
"SKZ",5
"SDT",5
"SUL",5
"BDN",5
,5
"PZH",5
"BSR",3
"ALP",2
"DAM",2
"DEZ",2
"LTK",2
"PMS",2
"DOH",4
"CIS",-11
"ROP",10
"SPN",10
"UAM",10
"GUM",10
"TIQ",10
"NSO",10
"MAJ",12
,12
"KWA",12
"CXI",-12
"MDY",-11
"TKK",10
"PNI",11
"ROR",9
"KSA",12
"YAP",10
"KNH",8
"PIF",8
,8
"TTT",8
"GNI",8
"KHH",8
"CYI",8
"KYD",8
,8
"CES",10
"TNN",8
,8
"MZG",8
,8
,8
"TSA",8
"TPE",8
"WOT",8
"HUN",8
"NRT",9
"MMJ",9
"IBR",9
,10
"IWO",10
"SHM",9
,9
"OBO",9
"CTS",9
"HKD",9
"SPK",9
"MMB",9
"SHB",9
,9
"WKJ",9
"IKI",9
"UBJ",9
"TSJ",9
"MBE",9
"AKJ",9
"OIR",9
"RIS",9
,9
"KUM",9
"FUJ",9
"FUK",9
"TNE",9
"KOJ",9
"KMI",9
,9
"OIT",9
"KKJ",9
"KMJ",9
"NGS",9
,9
,9
"ASJ",9
,9
"TKN",9
,9
,9
,9
"KMQ",9
"OKI",9
"TOY",9
,9
"HIJ",9
"OKJ",9
"IZO",9
,9
"YGJ",9
,9
"KCZ",9
"MYJ",9
"ITM",9
"TTJ",9
"TKS",9
"TAK",9
,9
,9
"AOJ",9
"GAJ",9
,9
,9
"HNA",9
"AXT",9
"MSJ",9
"SDJ",9
,9
"LKS",1
,9
,9
"HAC",9
,9
,9
,9
"OIM",9
,9
"HND",9
"OKO",9
"KWJ",9
,9
"RSU",9
"SHO",9
"KAG",9
"MQB",-6
"CJU",9
,9
"PUS",9
,9.5
"USN",9
,9
"SSN",9
"OSN",9
"GMP",9
,9
"KPO",9
"TAE",9
"YEC",9
"OKA",9
,9
"DNA",9
"ISG",9
"UEO",9
"MMD",9
"MMY",9
"KTD",9
"SHI",9
,9
"RNJ",9
,9
"OGN",9
"MNL",8
"MYP",5
"CBO",8
"CGY",8
"PAG",8
,8
,3
"ZAM",8
"BAG",8
,8
,8
,8
,8
,8
,8
,8
,8
,3
,3
,-2
,8
"TAC",8
"BCD",8
"GEN",1
"DGT",8
,8
,8
"ILO",8
"KLO",8
,8
"AUW",-6
"PPS",8
"SJI",8
"COC",-3
"GHU",-3
,-3
"PRA",-3
"ROS",-3
"SFN",-3
"AEP",-3
"COR",-3
,-3
,-3
,-3
"LPG",-3
,-3
,-3
,-3
,-3
"MDZ",-3
"LGS",-3
"AFA",-3
"CTC",-3
"SDE",-3
,-3
"IRJ",-3
,-3
"TUC",-3
"UAQ",-3
"RCU",-3
"VDR",-3
,-3
,-3
,-3
"LUQ",-3
"CNQ",-3
"RES",-3
"FMA",-3
"IGR",-3
"AOL",-3
,-3
"PSS",-3
,-3
"SLA",-3
"JUJ",-3
"ORA",-3
,-3
"C47",-6
,-3
,-3
,-3
,-3
,-3
"EHL",-3
"CRD",-3
"EQS",-3
"REL",-3
"VDM",-3
"PMY",-3
,-4
"PUD",-3
"RGA",-3
"RGL",-3
"USH",-3
"ULA",-3
"PMQ",-3
"RZA",-3
"BHI",-3
,-3
,-3
,-3
,-3
,-3
"IWD",-6
"MDQ",-3
"NQN",-3
"MCD",-5
,-3
"RSA",-3
"BRC",-3
"TDL",-3
"VLG",-3
,-3
"CPC",-3
"CDJ",-3
,-3
,-3
"AQA",-3
"AJU",-3
,-3
"AFL",-4
"ARU",-3
"BEL",-3
"BGX",-3
"PLU",-3
"BFH",-3
,-3
"BSB",-3
"BAU",-3
"BVB",-4
,-3
"CAC",-3
,-4
"CNF",-3
"CGR",-4
"XAP",-3
"CLN",-3
,-3
,-3
"CAW",-3
"CMG",-4
"CWB",-3
"CRQ",-3
"CXJ",-3
"CGB",-4
"CZS",-5
"PPB",-3
"MAO",-4
,-4
,-3
"IGU",-3
"FLN",-3
"FEN",-2
,-3
,-3
"FOR",-3
"GIG",-3
,-4
"GYN",-3
,-3
"GRU",-3
,-3
"ATM",-3
,-4
,-4
"IOS",-3
"IPN",-3
,-3
"IMP",-3
,-3
"JDF",-3
"JPA",-3
"JOI",-3
"CPV",-3
"VCP",-3
,-3
"LIP",-3
"LDB",-3
"LAZ",-3
,-3
"MAB",-3
,-3
"MGF",-3
"MOC",-3
"GRM",-6
,-4
"MCZ",-3
"MCP",-3
,-3
,-3
"MNX",-4
"NVT",-3
"GEL",-3
"NAT",-3
,-3
"POA",-3
,-3
"POO",-3
"PFB",-3
"PET",-3
"PNZ",-3
"PNB",-3
"PMG",-4
"PVH",-4
"NPZ",-5
"RBR",-5
"REC",-3
"RIG",-3
"SDU",-3
"RAO",-3
"STU",-3
"SJK",-3
"SLZ",-3
"CGH",-3
"SJP",-3
"SSZ",-3
"SSA",-3
,-4
"THE",-3
"TFF",-4
,-5
,-3
,-4
"TBT",-4
"TUR",-3
,-4
"PAV",-3
"URG",-3
"UDI",-3
,-3
"UBA",-3
"VAG",-3
"BVH",-4
"VIX",-3
,-4
"QPS",-3
"ARI",-4
"BBA",-3
,-4
"CCH",-3
"CJC",-4
,-4
"PUQ",-4
"GXQ",-4
"IQQ",-4
"SCL",-4
"ANF",-4
,-4
,-3
"LSQ",-4
,-3
"CCP",-4
"IPC",-6
"ZOS",-4
,-4
,-4
,-4
"LSC",-4
,-4
"ZCO",-4
"PMC",-4
"WCH",-4
"ZAL",-4
"ATF",-5
,-5
"OCC",-5
"CUE",-5
"GPS",-6
"GYE",-5
,-5
,-5
,-5
,-5
,-5
,-5
"XMS",-5
"MCH",-5
,-5
"MEC",-5
,-5
,-5
"PVO",-5
,-5
"UIO",-5
,-5
,-5
"SNC",-5
,-5
,-5
,-5
"TPC",-5
"TUA",-5
,-7
"ASU",-4
,-3
,-4
,-4
,-4
,-4
"AXM",-5
"PUU",-5
,-5
"BGA",-5
"BOG",-5
"BAQ",-5
"BSC",-5
"BUN",-5
"CUC",-4
"CTG",-5
"CLO",-5
"TCO",-5
"CZU",-5
"EJA",-5
"FLA",-5
,-5
"MXY",-8
"GPI",-5
,-5
"IBE",-5
"IPI",-5
,-5
,-4
"LET",-4
"EOH",-5
"MGN",-5
"MTR",-5
"MVP",-5
"MZL",-5
"NVA",-5
"OCV",-5
"OTU",-5
,-5
"PCR",-4
"PEI",-5
,-5
"PPN",-5
"PSO",-5
"PVA",-5
,-5
"MDE",-5
"RCH",-5
"SJE",-5
"SMR",-5
"ADZ",-5
"SVI",-5
"TME",-5
"AUC",-4
"UIB",-5
"ULQ",-5
"VUP",-5
"VVC",-5
"BJO",-3
"CBB",-4
,-4
"CIJ",-4
"LPB",-4
,-4
"POI",-4
"PSZ",-4
,-4
"SRE",-4
"TJA",-4
"TDD",-4
,-4
"VVI",-4
"BYC",-3
"PBM",-3
"CAY",-3
,-3
,-5
,-5
,-5
"SWD",-8
,-5
"PCL",-5
"CHM",-5
,-5
,-5
"CIX",-5
"AYP",-5
"ANS",-5
"ATA",-5
"LIM",-5
"JJI",-5
,-5
"JUL",-5
"MGC",-5
,-5
,-5
"TBP",-5
"YMS",-5
,-5
"CHH",-5
"IQT",-5
"AQP",-5
,-5
"TRU",-5
"PIO",-5
"TPP",-5
"TCQ",-5
"PEM",-5
"PIU",-5
"TYL",-5
,9
"CUZ",-5
,-3
,-3
,-7
"MVD",-3
"STY",-3
"AGV",-4
"AAO",-4
,-4
"BLA",-4
"BNS",-4
,-4
"BRM",-4
"CBL",-4
,-4
,-4
,-4
"CAJ",-4
,-4
"CUP",-4
"CZE",-4
,-4
"CUM",-4
,-4
,-4
,-4
,-4
"GUI",-4
"GUQ",-4
,-4
,-4
"LSP",-4
,-4
"LFR",-4
,-4
"MAR",-4
"MRD",-4
"PMV",-4
"CCS",-4
"MUN",-4
"PYH",-4
"PBL",-4
,-4
"PZO",-4
,-4
"SVZ",-4
,-4
,-4
"STD",-4
"SFH",-4
"SFD",-4
"SOM",-4
"STB",-4
"TUV",-4
,-4
"VLN",-4
,1
"VLV",-4
"VDP",-4
,-4
"LTM",-4
"ANU",-4
"BGI",-4
"DCF",-4
"DOM",-4
"FDF",-4
"SFG",-4
"PTP",-4
"GND",-4
"STT",-4
"STX",-4
"BQN",-4
"FAJ",-4
"SIG",-4
"MAZ",-4
"PSE",-4
"SJU",-4
"SKB",-4
,1
"SLU",-4
"UVF",-4
"AUA",-4
"BON",-4
"CUR",-4
"EUX",-4
"SXM",-4
"AXA",-4
"TAB",-4
"POS",-4
"EIS",-4
"AET",-8
"CIW",-4
"MQS",-4
"SVD",-4
"ALA",6
,6
"TSE",6
"DMB",6
"FRU",5
"OSS",5
"CIT",6
"YAK",-9
"URA",5
"PWQ",6
"PLX",6
,5
"AKX",5
"GYD",4
"YKS",9
"MJZ",9
"BQS",9
"KHV",10
"MQT",-5
"PVS",12
"GDX",11
,12
"PKC",12
"UUS",10
"VVO",10
"HTA",9
"BTK",8
"IKT",8
"UUD",8
"KBP",2
"DOK",2
"DNK",2
"SIP",2
"IEV",2
"LWO",2
"IMT",-5
"ODS",2
"LED",3
"MMK",3
"GME",2
"VTB",2
"KGD",2
"MHP",2
"MSQ",2
"ABA",7
"BAX",6
"KEJ",7
"OMS",6
"KRR",3
"MCX",3
"MRV",3
"STW",3
"ROV",3
"AER",3
"ASF",5
"VOG",5
"CEK",5
"MQF",5
"GBZ",11
"NJC",5
"PEE",5
"SGC",5
"SVX",5
"ASB",5
"KRW",5
,5
"DYU",5
"BHK",5
"SKD",5
"IUD",3
"TAS",5
"BZK",3
"SVO",3
"KLD",3
"VOZ",3
"VKO",3
"SCW",3
"KZN",3
"REN",5
"UFA",5
"KBY",5
"AMD",5.5
"AKD",5.5
"IXU",5.5
"BOM",5.5
"PAB",5.5
"BHJ",5.5
"IXG",5.5
"BDQ",5.5
"BHO",5.5
"BHU",5.5
"NMB",5.5
,5.5
,5.5
"GOI",5.5
"IDR",5.5
"JLR",5.5
"JGA",5.5
"IXY",5.5
"HJR",5.5
"KLH",5.5
"IXK",5.5
"NAG",5.5
"ISK",5.5
"PNQ",5.5
"PBD",5.5
"RAJ",5.5
"RPR",5.5
"SSE",5.5
"STV",5.5
"UDR",5.5
"CMB",6
,6
,6
"RML",6
"GOY",6
"JAF",6
"TRR",6
"KIK",3
,7
"PNH",7
"REP",7
,7
,5.5
"IXA",5.5
"AJL",5.5
"IXB",5.5
,5.5
"BBI",6
"CCU",5.5
"COH",5.5
"DBD",5.5
"ESC",-5
,1
"GAY",5.5
,5.5
"IMF",5.5
,5.5
"IXW",5.5
"JRH",5.5
"IXH",5.5
"IXS",5.5
"IXI",5.5
"MOH",5.5
,5.5
,5.5
,5.5
"PAT",5.5
,5.5
"IXR",5.5
"RRK",5.5
,5.5
"VTZ",6
,5.5
"CXB",6
"CGP",6
"IRD",6
"JSR",6
"RJH",6
"SPD",6
"ZYL",6
,6
"DAC",6
"HKG",8
,8
"AGR",5.5
"IXD",5.5
"ATQ",5.5
,5.5
,5.5
"VNS",5.5
"KUU",5.5
,5.5
,5.5
,5.5
"IXC",5.5
,5.5
,5.5
"DED",5.5
"DEL",5.5
"GWL",5.5
,5.5
,5.5
"JDH",5.5
"JAI",5.5
"JSA",5.5
"IXJ",5
"KNU",5.5
"KTU",5.5
"LUH",5.5
"IXL",5.5
"LKO",5.5
"IXP",5.5
,5.5
"PGH",5.5
,5.5
,5.5
"SXR",5.5
"TNI",5.5
"BXH",5
"LPQ",7
"PKZ",7
,7
"ZVK",7
,7
"VTE",7
"MFM",8
"BWA",5.75
,1
,5.75
"KTM",5.75
"PKR",5.75
"SIF",5.75
"BIR",5.75
"AGX",5.5
"BLR",5.5
"BEP",5.5
,5.5
"VGA",5.5
"CJB",5.5
"COK",5.5
"CCJ",5.5
"CDP",5.5
,5.5
,5.5
"HYD",5.5
"IXM",5.5
"IXE",5.5
"MAA",5.5
,5.5
"IXZ",5.5
,5.5
"RJA",5.5
,5.5
,5.5
"TIR",5.5
"TRZ",5.5
"TRV",5.5
,5.5
"PBH",6
"MLE",5
"DMK",7
,7
,7
"NAH",8
"UTP",7
,7
"LPT",7
"PRH",7
"HHQ",7
,7
,7
,7
"PHS",7
,7
,8
"NAW",7
"KBV",7
,7
"PAN",7
"USM",7
,7
"HKT",7
,7
"HDY",7
"TST",7
"UTH",7
"SNO",7
,7
"LOE",7
,7
,7
,1
"OKB",-10
,3
"DAD",7
,7
,7
"HAN",7
"NHA",7
,7
,3
,7
"SGN",7
,6.5
,6.5
,6.5
"BMQ",3
,6
"HEH",6.5
,6.5
"KET",6.5
"MWA",-5
"KYP",6.5
,1
"LSH",6.5
,6.5
"MDL",6.5
"MGZ",6.5
"MYT",6.5
,6.5
"MOG",6.5
,6.5
,6.5
,6.5
,1
"PBU",6.5
,6.5
,6.5
"AKY",6.5
"SNW",6.5
"THL",7
,6.5
"RGN",6.5
"UPG",8
"BIK",9
"NBX",9
"TIM",9
"DJJ",9
"WMX",9
"MKQ",9
"GTO",8
"ICN",9
"PLW",8
"MDC",8
"PSJ",8
"OTI",9
"TTE",9
"LUW",8
,3
"AMQ",9
"FKQ",9
"KNG",9
"BXB",9
"MKW",9
"SOQ",9
"BTU",8
"KCH",8
"LMN",8
"MUR",8
"MYY",8
"SBW",8
"LDU",8
"BKI",8
"LBU",8
"TWU",8
"BWN",8
"PKU",7
"DUM",7
"CGK",7
"GNS",7
,7
"PDG",7
"MES",7
,7
,7
"KTG",7
,3
"PNK",7
,3
,1
"DJB",7
"BKS",7
"PLM",7
"RGT",7
,7
"BZY",3
"BTJ",7
,8
"AOR",8
,8
"KBR",8
"KUA",8
"KTE",8
,8
"IPH",8
"JHB",8
"KUL",8
"LGK",8
"MKZ",8
"TGG",8
"PEN",8
,8
"DIL",8
,8
,8
"QPG",8
,8
"XSP",8
"SIN",8
,10
"ABM",10
"ASP",9.5
"BNE",10
"OOL",10
"CNS",10
"CTL",10
"ISA",10
"MCY",10
"MKY",10
"PPP",10
"ROK",10
"TSV",10
"WEI",10
"AVV",10
"ABX",10
"MEB",10
,10
"HBA",10
"LST",10
"MBW",10
"MEL",10
,10
"ADL",9.5
,9.5
"JAD",8
"KTA",8
"KGI",8
"KNX",8
"LEA",8
"PHE",8
,9.5
"PER",8
"UMR",9.5
"XCH",7
"BWU",10
"CBR",10
"CFS",10
"CDU",10
"DBO",10
"NLK",11.5
"RCM",10
"SYD",10
"TMW",10
"WGA",10
"PEK",8
,8
"HLD",8
"TSN",8
"TYN",8
"CAN",8
"CSX",8
"KWL",8
"NNG",8
"SZX",8
"CGO",8
"WUH",8
"FNJ",9
"ZGC",8
"XIY",8
"ULN",8
,8
"KMG",8
"XMN",8
"KHN",8
"FOC",8
"HGH",8
"NGB",8
"NKG",8
"HFE",8
"TAO",8
"SHA",8
"YNT",8
"CKG",8
"KWE",8
"CTU",8
"XIC",8
"KHG",8
"HTN",8
"URC",8
"HRB",8
"HOJ",1
,8
"DLC",8
"PVG",8
"TOD",8
"SZB",8
"NTQ",9
"HBE",2
"BTI",-9
"K03",-9
"LUR",-9
"PIZ",-9
"ITO",-10
"ORL",-5
"BTT",-9
"Z84",-9
"UTO",-9
"FYU",-9
"SVW",-9
"FRN",-9
"TLJ",-9
"CZF",-9
"BED",-5
"SNP",-11
"EHM",-9
"PBV",-11
"ILI",-9
"PTU",-9
"7AK",-9
"OSC",-5
"OAR",-8
"MHR",-8
"BYS",-8
"NXP",-8
"FSM",-6
"MRI",-9
"GNT",-7
"PNC",-6
"SVN",-5
"GFK",-6
"PBF",-6
"NSE",-6
"HNM",-10
"PRC",-7
"TTN",-5
"BOS",-5
"SUU",-8
"RME",-5
"ENV",-7
"BFM",-6
"OAK",-8
"OMA",-6
"NOW",-8
"OGG",-10
"ICT",-6
"MCI",-6
"MSN",-6
"DLG",-9
"HRO",-6
"PHX",-7
"BGR",-5
"FXE",-5
"GGG",-6
"AND",-5
"GEG",-8
"HWO",-5
"SFO",-8
"CTB",-7
"ARA",-6
"GNV",-5
"MEM",-6
"DUG",-7
"BIG",-9
"CNW",-6
"ANN",-9
"CAR",-4
"LRF",-6
"HUA",-6
"POB",-5
"DHT",-6
"DLF",-6
"LAX",-8
"ANB",-6
"CLE",-5
"DOV",-5
"CVG",-5
"FME",-5
"NID",-8
"HON",-6
"JNU",-9
"LFT",-6
"EWR",-5
"BOI",-7
"INS",-8
"GCK",-6
"MOT",-6
"HHI",-10
"MXF",-6
"RBM",-6
"DAL",-6
"FCS",-7
"HLN",-7
"NKX",-8
"LUF",-7
"HRT",-6
"HHR",-8
"HUL",-4
"END",-6
"NTD",-8
"EDW",-8
"LCH",-6
"KOA",-10
"MYR",-5
"NLC",-8
"ACK",-5
"FAF",-5
"HOP",-6
"DCA",-5
"NHK",-5
"PSX",-6
"BYH",-6
"ACY",-5
"TIK",-6
"ECG",-5
"PUB",-7
"PQI",-4
"IKR",-7
"GRF",-8
"ADQ",-9
"UPP",-10
"FLL",-5
"MKO",-6
"INL",-6
"SLC",-7
"CDS",-6
"BIX",-6
"LSF",-5
"NQI",-6
"FRI",-6
"MDT",-5
"LNK",-6
"LAN",-5
"MUE",-10
"MSS",-5
"HKY",-5
"SPG",-5
"FMY",-5
"IAH",-6
"MLT",-5
"ADW",-5
"INT",-5
"VCV",-8
"CEW",-6
"GTB",-5
"PHN",-5
"BFL",-8
"ELP",-7
"HRL",-6
"CAE",-5
"DMA",-7
"NPA",-6
"PNS",-6
"RDR",-6
"HOU",-6
"BKF",-7
"ORT",-9
"PAQ",-9
"PIT",-5
"BRW",-9
"EFD",-6
"NUW",-8
"ALI",-6
"VAD",-5
"MIA",-5
"SEA",-8
"CHA",-5
"BDR",-5
"JAN",-6
"GLS",-6
"LGB",-8
"HDH",-10
"IPT",-5
"IND",-5
"SZL",-6
,-5
"GWO",-6
"HPN",-5
"FOK",-5
"JBR",-6
"TNX",-8
"LNA",-5
"NZY",-8
"BIF",-7
"YUM",-7
"CNM",-7
"DLH",-6
"BET",-9
"LOU",-5
"FHU",-7
"LIH",-10
"HUF",-5
"HVR",-7
"MWH",-8
"MPV",-5
,-8
"RIC",-5
"SHV",-6
"CDV",-9
"ORF",-5
"BPT",-6
"SAV",-5
"HIF",-7
"OME",-9
"SPB",-8
"PIE",-5
"MNM",-5
"CXO",-6
"SCC",-9
"SAT",-6
"ROC",-5
"COF",-5
"TEB",-5
"RCA",-7
"RDU",-5
"DAY",-5
"ENA",-9
"MLC",-6
"IAG",-5
"CFD",-6
,-5
"PHF",-5
"ESF",-6
"LTS",-6
"TUS",-7
"MIB",-6
"BAB",-8
"IKK",-6
"GSB",-5
"PVD",-5
"SBY",-5
"RIU",-8
"BUR",-8
"DTW",-5
"TPA",-5
"PMB",-6
"POE",-6
"EIL",-9
"HIB",-6
"LFK",-6
"MAF",-6
"GRB",-6
"ADM",-6
"WRI",-5
"NKT",-5
"SBO",-5
"AGS",-5
"ISN",-7
"LIT",-6
"SWF",-5
"BDE",-6
"SAC",-8
"HOM",-9
"TBN",-6
"MGE",-5
"SKA",-8
"HTL",-5
"PAM",-6
"DFW",-6
"MLB",-5
"TCM",-8
"AUS",-6
"LCK",-5
,-5
"TYS",-5
"HLR",-6
"STL",-6
"MIV",-5
"SPS",-6
"LUK",-5
"ATL",-5
"MER",-8
"MCC",-8
"GRR",-5
"INK",-6
"FAT",-8
"VRB",-5
"IPL",-8
"BNA",-6
"LRD",-6
"EDF",-9
"OTZ",-9
"AOO",-5
"DYS",-6
"ELD",-6
"LGA",-5
"TLH",-5
"DPA",-6
"ACT",-6
"AUG",-5
"INJ",-6
"NIP",-5
"MKL",-6
"MKK",-10
"FTK",-6
,-5
"SJT",-6
"CXL",-8
"CIC",-8
"BTV",-5
"JAX",-5
"DRO",-7
"IAD",-5
"CLL",-6
"SFF",-8
"MKE",-6
"ABI",-6
"COU",-6
"PDX",-8
"TNT",-5
"PBI",-5
"FTW",-6
"OGS",-5
"FMH",-5
"BFI",-8
"SKF",-6
"HNL",-10
"DSM",-6
"EWN",-5
"SAN",-8
"MLU",-6
"SSC",-5
"ONT",-8
"GVT",-6
"ROW",-7
"DET",-5
"BRO",-6
"DHN",-6
"WWD",-5
"NFL",-8
"MTC",-5
"FMN",-7
"CRP",-6
"SYR",-5
"NQX",-5
"MDW",-6
"SJC",-8
"HOB",-7
"PNE",-5
"DEN",-7
"PHL",-5
"SUX",-6
"MCN",-5
"TCS",-7
"PMD",-8
"RND",-6
"NJK",-8
"CMH",-5
"FYV",-6
"FSI",-6
"PNM",-6
"FFO",-5
"GAL",-9
,-7
"MWL",-6
"IAB",-6
"NBG",-6
"NBC",-5
"TXK",-6
"PBG",-5
"APG",-5
"TCC",-7
"ANC",-9
"GRK",-6
"ZUN",-7
"BLI",-8
"NQA",-6
"EKN",-5
"HFD",-5
"SFZ",-5
"MOB",-6
"NUQ",-8
"SAF",-7
"BKH",-10
"DRI",-6
"BSF",-10
"OLS",-7
"MCF",-5
"BLV",-6
"OPF",-5
"DRT",-6
"RSW",-5
"AKN",-9
"MUI",-5
"JHM",-10
"JFK",-5
"HST",-5
"RAL",-8
"FLV",-6
"WAL",-5
"HMN",-7
"NXX",-5
"CYS",-7
"SCK",-8
"CHS",-5
"RNO",-8
"KTN",-9
"YIP",-5
"VBG",-8
"BHM",-6
"NEL",-5
"SYA",-10
"LSV",-8
"RIV",-8
"MOD",-8
"SMF",-8
"UGN",-6
"COS",-7
"BUF",-5
"SKY",-5
"PAE",-8
"MUO",-7
"CDC",-7
"BDL",-5
"MFE",-6
"NGU",-5
"CEF",-5
"LBB",-6
"ORD",-6
"BCT",-5
"FAI",-9
"NYG",-5
"CVS",-7
"NGF",-10
"OFF",-6
"GKN",-9
"ART",-5
"PSP",-8
"AMA",-6
"FOD",-6
"BAD",-6
"FOE",-6
"COT",-6
"ILM",-5
"BTR",-6
"NMM",-6
"TYR",-6
"BWI",-5
"HBR",-6
"LNY",-10
"AEX",-6
"WSD",-7
"CDB",-9
"TUL",-6
"SIT",-9
"ISP",-5
"MSP",-6
"ILG",-5
"DUT",-9
"MSY",-6
"PWM",-5
"OKC",-6
"ALB",-5
"VDZ",-9
"LFI",-5
"SNA",-8
"CBM",-6
"TMB",-5
"NTU",-5
"GUS",-5
"CPR",-7
"VPS",-6
"SEM",-6
"EYW",-5
"CLT",-5
"LAS",-8
"MCO",-5
"FLO",-5
"GTF",-7
"YNG",-5
"FBK",-9
"MMV",-8
"WRB",-5
"BKK",7
,8
,8
,8
"KDI",8
"SBG",7
,7
,7
"MLG",7
,7
"BDO",7
"CBN",7
"JOG",7
"CXP",7
"PCB",7
"SRG",7
"BTH",7
"TJQ",7
"PGK",7
"TNJ",7
"SIQ",7
"BDJ",8
,8
"PKN",7
"PKY",7
,1
"MOF",8
"ENE",8
"RTG",8
"KOE",8
"LBJ",8
"BPN",8
"TRK",8
"SRI",8
,8
"AMI",8
"BMU",8
,-1
"WGP",8
"SUB",7
"SOC",7
"CNX",7
"CEI",7
"NST",7
"DPS",8
"NAK",7
"KOP",7
"UBP",7
"KKC",7
"THS",7
"ATH",2
"NGO",9
"UKB",9
"PUW",-8
"LWS",-8
"ELM",-5
"ITH",-5
"MRY",-8
"SBA",-8
"DAB",-5
"BER",1
"LPX",2
"RIX",2
"SQQ",2
"HLJ",2
"KUN",2
,2
"PLQ",2
"VNO",2
"PNV",2
,4
,4
"EVN",4
"LWN",4
"ASA",3
"ASM",3
"MSW",3
"GZA",2
"RIY",3
"BUS",2
"KUT",4
"TBS",4
"TAI",3
"HOD",3
"ADE",3
"AXK",3
"AAY",3
"SAH",3
"FMM",1
"BHN",3
,-8
"SCT",3
,3
"NAV",2
"EZE",-3
"EBL",3
"EMD",10
,2
"KIX",9
"JRB",-5
"TAG",8
"JAV",-3
"JCH",-3
"JEG",-3
"PMI",1
"DRW",9.5
"URT",7
"NYU",6.5
"MPH",8
"NSB",-5
"TKA",-9
"GZM",1
"HVN",-5
"AVL",-5
"GSO",-5
"FSD",-6
"AYQ",9.5
"MHT",-5
"APF",-5
"RDN",8
"SDF",-5
"CHO",-5
"ROA",-5
"LEX",-5
"EVV",-6
"ABQ",-7
"BZN",-7
"BIL",-7
"BTM",-7
"TVC",-5
"FRS",-6
"BHB",-5
"RKD",-5
"JAC",-7
"RFD",-6
"DME",3
"SYX",8
"MFN",12
"TSS",-5
"LJG",8
"GSP",-5
"QKL",1
"ZWS",1
"BMI",-6
"GPT",-6
"AZO",-5
"TOL",-5
"FWA",-5
"DEC",-6
"CID",-6
"LSE",-6
"CWA",-6
"PIA",-6
"ATW",-6
"RST",-6
"CMI",-6
"MHK",-6
"KGC",9.5
"HVB",10
"BSL",1
"DLU",8
"JHG",8
"MZV",8
"SSH",2
"FKL",-5
"NBO",3
"SEU",3
"FTE",-3
"ARM",10
"GJT",-7
"SGU",-7
"DWH",-6
"S46",-6
"SRQ",-5
"VNY",-8
"BDA",-4
"X21",-5
"MLI",-6
"PFN",-6
"HIR",11
"PPT",-10
"INU",12
"FUN",12
"OVB",6
"DWS",5.75
,1
"XKH",7
"HUI",7
"BIS",-6
"TEX",-7
"INC",8
"HGN",7
"RAP",-7
"CLD",-8
"FNT",-5
"DVO",8
"FNC",0
"STM",-4
"KOS",7
"YOA",-7
"NPE",12
"LEV",12
"LXA",8
"RDD",-8
"EUG",-8
"IDA",-7
"MFR",-8
"KBZ",-3
"RDM",-8
"PCN",12
"WDH",1
"YWH",-8
"CXH",-8
"TNA",8
"CZX",8
"YBP",8
"TJM",5
"CAK",-5
"HSV",-6
"PKB",-5
"MGM",-6
"TRI",-5
"PAH",-6
"KUF",3
"JIB",3
"HAK",8
"MFA",3
"FCA",-7
,3
"PGA",-7
"UII",-6
"SNV",-4
"MBS",-5
"BGM",-5
"BGW",3
"NNT",7
"ROI",7
"BFV",7
"UNN",7
"TDX",7
"BLH",-8
,3
,3
,3
"CRK",8
"SDK",8
"LXG",7
"ODY",7
"SHE",8
"DOY",8
"MNI",1
"PSG",-9
"LYA",8
"XUZ",8
"IFN",3.5
"MWQ",6.5
"KHM",6.5
"DLI",7
"VDH",7
"VKG",7
"CAH",7
"VCL",7
"TBB",7
"PYY",7
"BWK",1
"NSI",1
"CKY",0
,1
,1
"AAH",1
"FKB",1
"SFB",-5
"PQC",7
"JST",-5
"LUA",5.75
"BHP",5.75
"LDN",5.75
"JMO",5.75
"NGX",5.75
"PPL",5.75
"TMK",5.75
"RUM",5.75
"DNP",5.75
"RUK",5.75
"JUM",5.75
"HRJ",5.75
"TPJ",5.75
"TMI",5.75
"SKH",5.75
"IMK",5.75
"DOP",5.75
"BJH",5.75
"DHI",5.75
"MWX",9
"JTY",2
"JIK",2
"JKL",2
"MLO",2
"JNX",2
"PAS",2
"KZS",2
"RMF",2
"NRN",1
"USU",8
"BXU",8
"DPL",8
"LAO",8
"LGP",8
"OZC",8
"ZQW",1
"CEB",8
"NOE",1
"JUI",1
"BPS",-3
"GDA",1
,-3
,-3
"PMW",-3
"CLV",-3
"MSO",-7
"BKQ",10
"BDB",10
"GCN",-7
"SGR",-6
"HIS",10
"APA",-7
"CVN",-6
"FST",-6
"LVS",-7
"IWS",-6
"LHX",-7
"LRU",-7
"BKD",-6
"TPL",-6
"OZA",-6
,8
"HEW",2
"WKL",-10
"KDM",5
"LAK",-7
"YWJ",-7
"ZFN",-7
"YGH",-7
,-7
,-7
"TAH",11
,5
"YPC",-7
,-7
"SRZ",-4
"KUS",-2
"SAB",-4
"EGE",-7
,-7
"SKN",1
"CGF",-5
"MFD",-5
"CSG",-5
"LAW",-6
"FNL",-7
,2
,2
"FLG",-7
"TVL",-8
"TWF",-7
"MCM",1
"MVY",-5
"UUU",-5
"VSF",-5
"CON",-5
"SFM",-5
"GON",-5
"STC",-6
"BPE",6.5
"GTR",-6
"GOJ",3
"HQM",-8
"ERI",-5
,5
"HYA",-5
"SPR",-6
"SDX",-7
,-6
,1
,5.5
"MGW",-5
"CRW",-5
"AVP",-5
"BJI",-6
"BAK",4
"THG",10
"FGI",-11
"BNK",10
"FAR",-6
"MKC",-6
"AZA",-7
"RBE",7
"GCC",-7
"TOF",7
"NZJ",-8
"PHY",7
"CJM",7
"JZH",8
"SWA",8
,0
"GEO",-4
"AGT",-4
"OGL",-4
"KAI",-4
"DNH",8
"AOI",1
,9
"ECA",1
"CPO",-4
"TCP",2
"LYB",-5
"BJV",2
"TBJ",1
"SAW",2
"SCE",-5
"BME",8
"NTL",10
,0
"KLU",1
"CGU",-4
,1
"HFT",1
"HVG",1
"MEH",1
"VDS",1
,1
"IKA",3.5
"MHD",3.5
"QEF",1
"UIK",8
"MDG",8
"MEI",-6
"SPI",-6
"HKV",2
"CEZ",-7
"HDN",-7
"GUP",-7
"LBL",-6
"LAA",-7
"GLD",-6
"COD",-7
"HOV",1
,0
"ISC",0
"SGF",-6
"NVK",1
"BVG",1
"FBU",1
"NSK",7
"AAQ",3
"JLN",-6
"ABE",-5
"XNA",-6
"GUW",5
"KZO",6
"SBN",-5
"BKA",3
,2
"ARH",3
"RTW",5
"NUX",5
"NOJ",5
"ZWU",-5
"SCO",5
"UCT",3
"USK",3
"PEX",3
"NNM",3
"PKV",3
"KGP",5
"KJA",7
"KGF",5
,6
"URJ",5
"CRZ",5
"IWA",3
"CGQ",8
"KIJ",9
"JON",-10
"SMD",-5
"ACV",-8
"ATT",-6
"OAJ",-5
"TCL",-6
"DBQ",-6
"FDE",1
,8
"PYJ",9
"NAJ",3.5
"KVD",4
,1
"UKK",6
"PPK",6
"GBJ",-4
"SFC",-4
"BBQ",-4
"JPR",-4
"MYC",-4
"NZA",-5
"CJA",-5
"GTA",11
"BXX",3
"MVS",-3
"ORG",-3
"REY",-4
"PUR",-4
"EYP",-5
"ESM",-5
"ZPC",-4
"TOW",-3
"RIA",-3
"LEC",-3
"GUL",10
"JDO",-3
"SST",-3
"GGS",-3
"OES",-3
"LHS",-3
"TTG",-3
"MBT",8
"CRM",8
"JOL",8
"CGM",8
"CYU",8
"CJJ",9
"HIN",9
"WJU",9
"MPK",9
"KUV",9
"MYE",9
"SYO",9
"ONJ",9
"FKS",9
"IWJ",9
"NKM",9
"HSG",9
"OKD",9
"KUH",9
"MFK",8
"HCN",8
"LZN",8
"ENT",12
"LUP",-10
"ENI",8
"WPM",10
"VMU",10
"UKU",10
"TFI",10
"SKC",10
"OPU",10
"OBX",10
"LSA",10
"LNV",10
"LMY",10
"KUY",10
"KKD",10
"KDR",10
"JAQ",10
"IIS",10
"IHU",10
"GMI",10
"ATP",10
"WRG",-9
"VAK",-9
"ANI",-9
"MOU",-9
"MCG",-9
"KLG",-9
"HNS",-9
"HCR",-9
"SGY",-9
"GST",-9
"ADK",-10
"SAX",-5
"OTD",-5
"ELE",-5
"BFQ",-5
"GXF",3
"KAC",2
"ISU",3
"TUK",5
"SYW",5
"KDU",5
"PAJ",5
"ORW",5
"KDD",5
"HDD",5
"JIW",5
"DSK",5
"DEA",5
"DBA",5
"CJL",5
"BHV",5
"BNP",5
"AAN",4
"OMH",3.5
"ADU",3.5
"LRR",3.5
"SRY",3.5
"NSH",3.5
"AFZ",3.5
"BJB",3.5
"RJN",3.5
"BXR",3.5
"KHD",3.5
"EWD",3
"AJF",3
"DWD",3
"XAU",-3
"FBD",4.5
"ILP",11
"BMY",11
"TGJ",11
"IPA",11
"FTA",11
"DLY",11
"AWD",11
"AUY",11
"OLZ",11
"SWJ",11
"VLS",11
"ULB",11
"TGH",11
"SON",11
"RCL",11
"ZGU",11
"NUS",11
"LNE",11
"MWF",11
"LNB",11
"LPM",11
"PBJ",11
"SSR",11
"LOD",11
"CCV",11
"EAE",11
"TOH",11
"SLH",11
"MTV",11
"UAH",-9.5
"UAP",-9.5
"AUQ",-9.5
"AHE",-10
"APK",-10
"MXS",-11
"MWP",5.75
"FUT",12
"IUE",-11
"VBV",12
"NTT",13
"NFO",13
"HPA",13
"EUA",13
"SVU",12
"RTA",12
"KXF",12
"TVU",12
"LBS",12
"LKB",12
"NGI",12
"MFJ",12
"MNF",12
"KDV",12
"PTF",12
"ICI",12
"PYE",-10
"MOI",-10
"MUK",-10
"MHX",-10
"MGS",-10
"AIU",-10
"PID",-5
"CRI",-5
"CAT",-5
"ATC",-5
"COX",-5
"LBP",8
"SCX",-6
"TND",-5
"CCC",-5
"PAX",-5
"JEE",-5
"PLD",-6
"SYQ",-6
"PJM",-6
"PBP",-6
"TNO",-6
"BCL",-6
"TTQ",-6
"PLP",-5
"JQE",-5
"ONX",-5
"CTD",-5
"JAL",-6
"GUB",-7
"CUA",-7
"CYW",-6
"MIJ",12
"PEU",-6
"AHS",-6
"WTO",12
"WTE",12
"WJA",12
"UIT",12
"RNP",12
"NDK",12
"MJE",12
"MJB",12
"MAV",12
"LIK",12
"KBT",12
"JEJ",12
"JAT",12
"BII",12
"AUL",12
"AIM",12
"UTK",12
"AAZ",-6
"PBR",-6
"JBQ",-4
"AZS",-4
"SLX",-5
"MDS",-5
"GDT",-5
"ILZ",1
"QUB",1
"MRA",1
"SZF",2
"EDO",2
"ISE",2
"ADF",2
"AJI",2
"KCM",2
"SFQ",2
"KSY",2
"USQ",2
"BNX",1
"CVU",-1
"QSR",1
"AOT",1
"SOB",1
"QGY",1
"PEV",1
"JSY",2
"LTT",1
"EAP",1
,12
"ANE",1
"IDY",0
"RJL",1
"ECN",2
"YKM",-8
"KWY",3
"WRL",-7
"VLD",-5
"VCT",-6
"UIN",-6
"TUP",-6
"SMX",-8
"SLN",-6
"SLK",-5
"SHR",-7
"SBP",-8
"RUT",-5
"RKS",-7
"RHI",-6
"RDG",-5
"PSM",-5
"PLN",-5
"PIR",-6
"PIH",-7
"PIB",-6
"OWB",-6
"OTH",-8
"MSL",-6
"MLS",-7
"MKG",-5
"LYH",-5
"LWT",-7
"LNS",-5
"LMT",-8
"LEB",-5
"LBF",-6
"LBE",-5
"LAR",-7
"JMS",-6
"IRK",-6
"KIO",12
"HTS",-5
"HOT",-6
"GRI",-6
"GGW",-7
"FAY",-5
"EWB",-5
"EKO",-8
"EAU",-6
"DUJ",-5
"DDC",-6
"CMX",-5
"CLM",-8
"CKB",-5
"CIU",-5
"CGI",-6
"CEC",-8
"BRL",-6
"BQK",-5
"BKW",-5
"BFF",-7
"BFD",-5
"ATY",-6
"APN",-5
"ALW",-8
"ALO",-6
"ALM",-7
"AHN",-5
"ABY",-5
"ABR",-6
"TQR",1
"GSM",3.5
"DIU",5.5
"ULU",3
"RUA",3
"TBO",3
"SHY",3
"MUZ",3
"LDI",3
"TKQ",3
"BKZ",3
"PZU",2
"UYL",2
"ATB",2
"LAQ",1
"MJI",1
"TOB",1
"SRX",1
"NYK",3
"MYD",3
"LKG",3
"ASV",3
"ATZ",2
"AAC",2
"BUO",3
"GLK",3
"MGQ",3
"BSA",3
"ALU",3
"TIE",3
"MTF",3
"ABK",3
"GOR",3
"GDE",3
"DEM",3
"DSE",3
"BEI",3
"BCO",3
"SFL",-1
"RAI",-1
"NDR",0
"EUN",0
"ESU",0
"VIL",0
"SMW",0
"QFI",-3
"QCU",-3
"JGR",-3
"OXB",0
"KEN",0
"KBS",0
"BTE",0
"JCU",0
"CRU",-4
"GMZ",0
"PSV",0
"OUK",0
"FOA",0
"GAX",1
"PFR",1
"LJA",2
"TSH",2
"BSU",1
"KRZ",1
"NIO",1
"INO",1
"MAT",1
"BOA",1
"ERS",1
"SWP",1
"OMD",2
"OND",1
"LUD",1
"CMK",2
"SRH",1
"JCA",1
"VPY",2
"TCH",1
"MJL",1
"KOU",1
"MSZ",1
"VPE",1
"DUE",1
"CBT",1
"MJA",3
"WMA",3
"TTS",3
"WMP",3
"DWB",3
"IVA",3
"WPB",3
"WAM",3
"WTS",3
"WTA",3
"TVA",3
"MXT",3
"BMD",3
"JVA",3
"WAQ",3
"YVA",3
"SLI",2
"CIP",2
"DIS",1
"TLD",2
"SWX",2
"ORP",2
"GNZ",2
"MBD",2
"AAM",2
"MQP",2
"QRA",2
"VTS",2
"SHC",3
"HIL",3
"HMV",1
"SQO",1
"AGH",1
"TYF",1
"KSD",1
"HFS",1
"OSD",1
"LCJ",1
"BZG",1
"VRY",1
"VAW",1
"SOJ",1
"SVJ",1
"SOG",1
"SDN",1
"RET",1
"RVK",1
"MQN",1
"OSY",1
"LKN",1
"CNL",1
"WST",0
"CFN",0
,1
"BRR",0
"HLY",0
"PZE",0
"LEQ",0
"WRY",0
"LWK",0
"NDY",0
"SOY",0
"PPW",0
"NRL",0
"FIE",0
"EOI",0
"CAL",0
"DSA",0
"NQT",0
"SJY",2
"HGL",1
"HEI",1
"HDF",1
"KMS",0
"ELU",1
"BMW",1
"CBH",1
"BLJ",1
"ZWL",-6
"ZUM",-4
"ZTM",-6
"ZSJ",-6
"ZRJ",-6
"ZPB",-6
"ZMT",-8
"MSA",-6
"ZKE",-5
"ZJN",-6
"ZGI",-6
"ZFD",-6
"ZEM",-5
"ZBF",-4
"ILF",-6
"ZAC",-6
"YZG",-5
"YXN",-6
"YWP",-5
"YVZ",-6
"YTL",-5
"YST",-6
"YSK",-5
"YSF",-6
"YRL",-6
"YRA",-7
"YQN",-5
"YQD",-6
"YPW",-8
"YPO",-5
"YPM",-6
"YPH",-5
"YOH",-6
"YNL",-6
"YNE",-6
"YNC",-5
"YUD",-5
"YMT",-5
"YMH",-4
"XGR",-5
"YSG",-7
"YLH",-5
"YLC",-5
"YPJ",-5
"YKQ",-5
"AKV",-5
"YIV",-6
"YIK",-5
"YHR",-4
"YHO",-4
"YNS",-5
"YHC",-8
"YQC",-5
"YGZ",-5
"YGX",-6
"YGW",-5
"YGT",-5
"YGO",-6
"YGB",-8
"YMN",-4
"YFH",-5
"YFA",-5
"YER",-5
"YDP",-4
"YCS",-6
"YRF",-4
"YBX",-4
"YBE",-6
,-6
"YAT",-5
"YKG",-5
"XKS",-5
"YAG",-6
"YAC",-6
"TCD",-4
"APO",-5
"NTG",8
"ZLT",-4
"ZTB",-4
"YKU",-5
"YHP",-6
"YOG",-5
"KIF",-5
"XBE",-6
"YNO",-6
"WNN",-5
"YAX",-5
"SUR",-5
"YLE",-7
"YCK",-7
"YRG",-4
"YHA",-4
"YFX",-4
"YWM",-4
"YAA",-8
"YWS",-8
"PND",-6
"CUK",-6
"VPN",0
"THO",0
"DRK",-6
"GRY",0
"JQA",-3
"JUV",-4
"JHS",-3
"NAQ",-4
"JNS",-3
"JNN",-3
"JSU",-3
"JJU",-3
"JGO",-3
"JFR",-3
"CNP",-1
"LLU",-3
"WBM",10
"VAI",10
"RAB",10
"TBG",10
"TIZ",10
"MIS",10
"MXH",10
"MAS",10
"MDU",10
"KVG",10
"KMA",10
"KRI",10
"UNG",10
"HKN",10
"PNP",10
"GUR",10
"DAU",10
"CMU",10
"BUA",10
"RBV",11
"KGE",11
"VAO",11
"RUS",11
"RNL",11
"MNY",10
"GZO",11
"MUA",11
"SCZ",11
"IRA",11
"MBU",11
"FRE",11
"BAS",11
"AKS",11
"ATD",11
"KXK",10
"OYG",3
"IKS",9
"CYX",12
"CKH",11
"CNN",9
"KSN",6
"DZN",6
"KOV",6
"UNI",-4
"BQU",-4
"VIJ",-4
"NEV",-4
"BBR",-4
"DSD",-4
"VIG",-4
"MDO",-4
"SRA",-3
"HUU",-5
"LHC",-5
"SRJ",-4
"RIB",-4
"GYA",-4
"PDA",-5
"NQU",-5
"LPD",-4
"LQM",-5
"GLJ",-5
"CRC",-5
"PSY",-4
"LOH",-5
"SCY",-6
"SOD",-3
"ESR",-4
"VDC",-3
"MII",-3
"MEA",-3
"NEC",-3
"ING",-3
"RXS",8
"CYP",8
"VRC",8
"TUG",8
"SFE",8
"BSO",8
"WNP",8
"TDG",8
"SUG",8
,-6
"SGS",8
"GES",8
"SFS",8
"YNY",9
"DYR",12
"OHO",10
"UJE",12
"MPW",2
"VSG",2
"OZH",2
"KWG",2
"HRK",2
"IFO",2
"CWC",2
"RWN",2
"UDJ",2
"CSH",3
"CEE",3
"AMV",3
"KSZ",3
"PES",3
"GNA",2
"MVQ",2
"EIE",7
"KYZ",7
"NOZ",7
"HTG",7
"IAA",7
"GRV",3
"NAL",3
"OGZ",3
"ESL",3
"WKK",-9
"BKX",-6
"BLF",-5
"EAR",-6
"GLH",-6
"IFP",-7
"IGM",-7
"PSC",-8
"KQA",-9
"SVC",-7
"LPS",-8
"SLY",5
"HMA",5
"NYA",5
"OVS",5
"IJK",5
"KVX",4
"NYM",5
"RAT",5
"NFG",5
"KRO",5
"LBD",5
"AZN",5
"FEG",5
"NMA",5
"NCU",5
"UGC",5
"KSQ",5
"TMJ",5
"RYB",3
"EGO",3
"URS",3
"LPK",3
"VKT",5
"UUA",5
"JOK",3
"CSY",3
"ULY",4
"OSW",5
"PEZ",3
"SKX",3
"BWO",4
"HBX",5.5
"KCT",6
"WRZ",6
"BBM",7
"SHL",5.5
"GAU",5.5
"DMU",5.5
"TEZ",5.5
"BZL",6
"OUI",7
"KON",7
"BHR",5.75
"BDP",5.5
"MEY",5.5
"KEP",5.5
"GAN",5
"HAQ",5
"KDO",5
"MAQ",7
"BMV",7
"HPH",7
"CXR",7
"VCS",7
"VCA",7
"DIN",7
"UIH",7
"PXU",7
"VII",7
"BMO",6.5
"TVY",6.5
"KAW",7
"LIW",6.5
"MNU",6.5
"BSX",6.5
"PKK",6.5
"SWQ",8
"TMC",8
"BUI",9
"SEH",9
"TJS",8
"DTD",8
"BEJ",8
"TJG",8
"SMQ",7
"LUV",9
"ARD",8
"BLG",8
"LGL",8
"ODN",8
"MKM",8
"BKM",8
"LWY",8
"BBN",8
"TMG",8
"KUD",8
"TKG",7
"HLP",7
"NTX",7
"PSU",7
"SQG",7
"PDO",7
"LSW",7
"PKG",8
"KBU",8
"LBW",8
"NNX",8
"LPU",8
"ALH",8
"GYL",8
"AUU",10
"BCI",10
"BDD",9
"BVI",10
"BHQ",9.5
"HTI",10
"BEU",10
"BRK",10
"BUC",10
"GIC",10
"OKY",10
"BQL",10
"BHS",10
"BLT",10
"CVQ",8
"CAZ",10
"CPD",9.5
"CNC",10
"CNJ",10
"CED",9.5
"CTN",10
"CMA",10
"CNB",10
"CUQ",10
"OOM",10
"DMD",10
"NLF",10
"DPO",10
"ELC",9.5
"EPR",8
"FLS",10
"GET",8
"GLT",10
"GTE",9.5
"GFF",10
"HID",10
"HOK",9.5
"MHU",10
"HGD",10
"JCK",10
"KAX",8
"KNS",10
"KFG",9.5
"KRB",10
"KWM",10
"KUG",9
"LNO",8
"LEL",9.5
"LDH",10.5
"IRG",10
"LSY",10
"LHG",10
"LRE",10
"LER",8
"LVO",8
"UBB",9
"MKR",8
"MIM",10
"MGT",9.5
"MNG",9.5
"MCV",9.5
"MQL",10
"MMG",8
"MRZ",10
"MOV",10
"MYA",10
"MGB",9.5
"ONG",9
"MYI",10
"MBH",10
"NRA",10
"NAA",10
"NTN",10
"ZNE",8
"OLP",9.5
"PUG",9.5
"PMK",10
"PBO",8
"CCK",6.5
"GOV",9.5
"PKE",10
"PLO",9.5
"EDR",10
"PQQ",10
"PTJ",9.5
"ULP",10
"RAM",9.5
"RMA",10
"SGO",10
"DNM",8
"SBR",10
"SRN",10
"XTG",10
"TCA",9.5
"VCD",9.5
"SYU",10
"WNR",10
"WYA",9.5
"WUN",8
"WOL",10
"WIN",10
"BWT",10
"OKR",10
"XMY",10
"NAY",8
"CIF",8
"CIH",8
"DAT",8
"HET",8
"BAV",8
"SJW",8
"TGO",8
"HLH",8
"XIL",8
"BHY",8
"CGD",8
"DYG",8
"MXZ",8
"ZUH",8
"LZH",8
"ZHA",8
"ENH",8
"NNY",8
"XFN",8
"YIH",8
"AKA",8
"GOQ",8
"HZG",8
"IQN",8
"XNN",8
"ENY",8
"UYN",8
"AVK",8
"LTI",8
"BYN",8
"DLZ",8
"HVD",8
"MXV",8
"DIG",8
"LUM",8
"SYM",8
"ZAT",8
"KOW",8
"JDZ",8
"JIU",8
"JUZ",8
"LYG",8
"HYN",8
"LYI",8
"JJN",8
"TXN",8
"WEF",8
"WEH",8
"WUX",8
"WUS",8
"WNZ",8
"YNZ",8
"YIW",8
"HSN",8
"BPX",8
"DAX",8
"GYS",8
"LZO",8
"MIG",8
"NAO",8
"LZY",5.5
"WXN",8
"AKU",8
"IQM",8
"KCA",8
"KRL",8
"KRY",8
"YIN",8
"HEK",8
"JMU",8
"JNZ",8
"NDG",8
"YNJ",8
,1
,1
"WME",8
"LRV",-4
"IOR",0
"NNR",0
"GTI",1
"NBB",5
,1
"ORH",-5
"AQG",8
"JGS",8
"SHP",8
"YCU",8
"LHW",8
"JGN",8
"DDG",8
"DSN",8
"PZI",8
,-2
,-4
,-4
,-5
,-5
"ZVE",-5
,-6
"DIB",5.5
"XOZ",3
"PWT",-8
"SPW",-6
"JEF",-6
"GCW",-8
"BLD",-8
,1
,-6
,-5
,-3
"UNT",0
,9
"PVC",-5
"LKE",-7
,8
"%u0",3
"SBH",-4
,3
,3
"TZA",-6
,3
"SUI",3
"TBW",3
"OBN",0
,5
,5
,5
,5
,5
,5
,5
,3
"FSZ",9
"ERM",-3
,1
"CVF",1
"FUL",-7
,-5
,0
"FWM",0
"NVI",5
"JPU",1
,1
"RRA",1
,1
"NER",10
,8
"QSF",0
"LRH",1
"SUN",-7
,1
"PME",0
,1
"MCW",-5
,-4
,-4
,-4
,12
,12
,12
,12
,3
,1
,1
,1
,-4.5
,1
,1
,1
,1
"JNG",8
"OHE",8
"DAQ",8
,-8
"IAR",3
,8
,3
,10
,10
,8
,3
,3
,3
"QNC",1
"ZJI",1
,1
,1
,1
"RMT",-10
,8
"UKX",8
,10
,8
"1OH",-5
"BN1",11
"BNY",11
"RIN",11
"ARE",-4
"EAT",-8
,11
"JDR",-3
,8
"AGE",1
,1
"OSH",-5
"BQT",2
"TNL",2
"CEJ",2
"UKC",2
"BEH",-5
"UES",-6
,-2
,-2
,-2
"NOA",10
,9
"KTR",9
,10
,1
,-1
"10C",-6
"X01",-5
"COQ",8
"TRO",10
"OAG",10
"GFN",10
"MRQ",8
"HDM",3.5
"YIF",-4
"VQS",-4
"KMV",6.5
"LSS",-4
"YEI",2
"TEQ",2
"SIC",2
"MSR",2
"CKZ",2
"AOE",2
"MPA",1
"WVB",1
"PDP",-3
"SKT",5
"YVB",-4
"BHG",-6
"UAS",3
"CHG",8
"WLH",11
"TGC",8
"LKH",8
"EGN",2
"TOG",-9
"PTH",-9
"KVC",-9
"KNW",-9
"IGG",-9
"SLV",5.5
"NDC",5.5
"DHM",5.5
"CQD",3.5
"EGM",11
"RGS",1
"LEN",1
"DEE",-9
"AFS",5
"MQM",2
"TCG",8
"TCG",-5
"LGQ",-5
"PFQ",3.5
"IIL",3.5
"GBT",3.5
"ACP",3.5
"TBH",8
"WUZ",8
"HMI",8
"SDP",-9
"GOP",5.5
"ACR",-5
"HGR",-5
"QBC",-8
"PJA",1
"KPC",-9
"GVR",-3
"KVK",3
"CYZ",8
"TMU",-6
"FON",-6
"QOW",1
"ARC",-9
"YTQ",-5
"YPX",-5
"OMC",8
"WTK",-9
"SVA",-9
"SHH",-9
"RBY",-9
"PHO",-9
"MYU",-9
"KVL",-9
"KSM",-9
"KAL",-9
"HPB",-9
"GAM",-9
"ATK",-9
"ANV",-9
"AKP",-9
"AAT",8
,1
,-6
"ELA",6.5
,6.5
"ZXB",1
,6.5
"HHA",8
"NZH",8
"WUA",8
"GYY",-6
"BRD",-6
"LWB",-5
"PGV",-5
"CYF",-9
"OXR",-8
"BKG",-6
"TEN",8
"KNC",8
"ZBP",-5
"ZYP",-5
"NIU",-10
"SCH",-5
"NBW",3
,3
,-2
"QRW",1
,1
,8
"LGO",-1
"FNE",10
"ITK",10
"ONB",10
"TPI",10
"AGL",10
"WTP",10
"AWB",10
"TFM",10
,1
"NLP",2
"CKC",2
,1
,1
"UST",-5
"NLV",2
"RHP",5.45
"STS",-8
"ISM",-5
"LCQ",-5
,-5
,-5
,-5
"LGU",-7
"BMC",-7
"MLD",-7
"ASE",-7
"HHH",-5
,3
,4
"GSS",2
"ZFV",-5
"BWD",-6
"LXY",-6
"ERV",-6
,1
"GED",-5
"ZSW",-8
"GBN",-5
"HYS",-5
"SUS",-7
"LYU",-6
"GPZ",-6
"TVF",-6
"EGV",-6
"ARV",-6
"IKV",-6
"YBV",-6
"NGP",-6
"YPI",-8
"AVX",-8
"MHV",-8
"ZIN",1
"KEH",-8
"CZH",-6
"INQ",0
,1
,1
"SWT",6
,0
"HUT",-6
"BPM",4.5
,3
"EGA",-7
,-7
,-7
"GDZ",3
"STJ",-6
"ZRT",-5
"ZTF",-5
"ZRP",-5
,2
"NDZ",1
"VOK",-6
"BFT",-5
"UAB",2
"GUC",-7
"SIA",8
"TOA",-8
"MBL",-5
,-10
"PGD",-5
"JGC",-8
"WFK",-5
"JHW",-5
"YTM",-5
"SME",-5
"SHD",-5
"DVL",-6
"DIK",-5
"SDY",-7
"CDR",-7
"AIA",-7
"MCK",-6
"MTH",-5
"GDV",-7
"OLF",-7
"WYS",-7
"ALS",-7
"CNY",-7
"ELY",-8
"VEL",-7
"SRR",-7
"SOW",-7
"MYL",-7
"SMN",-7
"MMH",-8
"FRD",-8
"ESD",-8
"OTS",-8
"AST",-8
"ONP",8
"EMK",-9
"UNK",-9
"UUK",-9
"SHX",-9
"CHU",-9
"NUI",-9
"EEK",-9
"KUK",-9
"KWT",-9
"KWK",-9
"MLL",-9
"RSH",-9
"WTL",-9
"KEK",-9
"KGK",-9
"KLL",-9
"KMO",-9
"TWA",-9
"CIK",-9
"EAA",-9
"HUS",-9
"HSL",-9
"LIV",-9
"MNT",-9
"NUL",-9
"RMP",-9
"TAL",-9
"VEE",-9
"WBQ",-9
"CEM",-9
"SHG",-9
"KBC",-9
"CXF",-9
"IYK",-8
"VIS",-8
"MCE",-8
"CYR",-4
,-4
"CPQ",-4
,-7
,-7
"TWB",10
,10
,10
"AYK",5
,1
,1
,1
"AGN",-9
"ELV",-9
"TKE",-9
"PEC",-9
"CYM",-9
"FNR",-9
"EXI",-9
"HNH",-9
"AFE",-9
"CGA",-9
"HYL",-9
"MTM",-9
"KTB",-9
"HYG",-9
"WHD",-9
"KPB",-9
"PPV",-9
"WWP",-9
"KCQ",-9
"EGX",-9
"KCL",-9
"KBW",-9
"KPV",-9
"PIP",-9
"WSN",-9
"AKK",-9
"KYK",-9
"KLN",-9
"OLH",-9
"KOZ",-9
"ORI",-9
"ALZ",-9
"AOS",-9
"KKB",-9
"KMY",-9
"KOY",-9
"KPY",-9
"KPR",-9
"SYB",-9
"WSJ",-9
"KWP",-9
"KZB",-9
"ABL",-9
"BKC",-9
"IAN",-9
"OBU",-9
"ORV",-9
"WLK",-9
"KTS",-9
"ELI",-9
"GLV",-9
"TLA",-9
"WAA",-9
"WMO",-9
"CIL",-9
"KKA",-9
"SMK",-9
"SKK",-9
"WBB",-9
"TNC",-9
"AKB",-9
"IKO",-9
"ICY",-9
"CYT",-9
"AUK",-9
"SXP",-9
"KPN",-9
"KFP",-9
"NLG",-9
"PML",-9
"KLW",-9
"KWN",-9
"KOT",-9
"KYU",-9
"SCM",-9
"NNL",-9
"PDB",-9
"NUP",-9
"KKH",-9
"NIB",-9
"TCT",-9
"PQS",-9
"AKI",-9
"TLT",-9
"KGX",-9
"AIN",-9
"APZ",-3
"RDS",-3
"OLN",-3
,-2
"RYO",-3
"PNT",-3
"CVI",-3
,-3
"SGV",-3
"IGB",-3
,-3
"ELX",-3
"NCN",-9
"CZN",-9
"6K8",-9
"IRC",-9
"KCC",-9
"CKD",-9
"RDV",-9
"SLQ",-9
"SRV",-9
"HKB",-9
"KAE",-9
"AQC",-9
"MHM",-9
"MLY",-9
"STG",-9
"TEK",-9
"WFB",-9
,-4
,-4
"YSO",-4
"YWB",-6
"YTF",-6
"YGV",-4
"YXK",-6
,4.5
,4.5
"XTL",-7
"XLB",-6
"XSI",-7
"YBT",-7
"ZGR",-7
"YCR",-7
"YRS",-7
"YOP",-7
"YBY",-7
"ZNA",-8
,-8
,-8
"XQU",-8
"YJM",-8
"YDT",-8
,-8
"ZEL",-8
"YHS",-8
,-7
,-6
,-8
,-7
,-7
"PVP",-7
,-4
"ZYR",1
"CYC",-6
"BGK",-6
"DGA",-6
"PLJ",-6
"SJX",-6
,-6
"RNI",-6
"BZA",-6
"RFS",-6
"SIU",-6
"WSP",-6
,-6
"RIK",-6
"FUS",1
,-4
,-4
"COZ",-4
"NEG",-5
"EBO",1
"KFB",1
"ZMU",1
"ZAQ",1
"RVR",-4
"RLO",-3
,-4
"SSB",-4
"ARR",-3
"JSM",-3
,-4
"ZAU",0
"ZMA",0
"ZES",0
"RBQ",-3
,-5
,-5
"ABF",-12
,-5
"CPS",-6
,-3
,-3
"ABN",-3
,-3
,-3
"BTO",-3
"DOE",-3
"DRJ",-3
,-3
,-3
,-3
,-3
"ICK",-3
"OEM",-3
,-3
,-3
"SMZ",-3
"TOT",-3
"AGI",-3
"KIA",-4
"CSC",-7
,-5
,0
"ORJ",-4
"NAI",-4
,-4
"IMB",-4
"KAR",-4
"USI",-4
"MHA",-4
"PJC",-3
"ACD",-5
"RVE",-5
"LCR",-5
,9
"LMC",-5
"VGZ",-5
"EBG",-5
"CAQ",-5
"COG",-5
"TLU",-5
"CFB",-3
,-5
,-5
"OPS",-4
"GRP",-3
"CMP",-3
"BVS",-3
"SFK",-3
"PIN",-4
"BRA",-3
"STZ",-4
"MQH",-3
"AUX",-3
"NVP",-4
"LVR",-4
"FRC",-3
"DOU",-3
"LBR",-4
"ROO",-4
"GPB",-3
"JCB",-3
,-5
,0
,0
,0
,0
,0
,0
,0
,0
"RVD",-3
"AAX",-3
"MBZ",-4
"RBB",-4
"CIZ",-4
"BAZ",-4
,0
,0
,0
,0
,0
,0
"DMT",-4
"GNM",-3
"QDJ",1
,1
,1
"LBZ",1
"KNP",1
"AMC",1
"GSQ",2
"MRB",-5
"AWA",3
"JIJ",3
"MKS",3
"DBM",3
"DBT",3
"QHR",3
"GOB",3
"MYB",1
"MRE",3
,3
,3
"RBX",3
,3
"CPA",0
"AMY",3
"UKY",9
,1
,1
,1
"BZB",2
"BCW",2
,2
"IBL",2
,1
,1
,1
"MAX",0
"BDI",4
,3
,3
"WHF",3
"NBE",1
,3
,3
"PAF",3
,1
,1
"HTY",2
,2
,2
"RVV",10
"FUO",8
"HUZ",8
"ILD",1
"WPR",-4
,0
"YMY",-5
"YBZ",-5
"BIU",0
"GJR",0
"SAK",0
,0
"IIA",0
"TDK",6
"ULG",7
"XDB",1
,5
"VGD",3
,11
,9
,9
,9
"BVV",10
"OHH",10
"LDG",3
,8
,8
,7
,9
,5
,9
,6
"HSK",0
"CQM",1
"NJF",3
"QYI",1
"CSA",0
"COL",0
"RKH",-5
"AGC",-5
"NZC",-5
"FTY",-5
"TSO",0
"TII",4.5
"ZAJ",4.5
"CCN",4.5
,-8
"FUG",8
"LCX",8
"BSD",8
"ACX",8
"XZM",8
"HZH",8
"60J",-5
,4
"OSU",-5
"RSI",-7
"ADS",-5
"DTS",-5
"RBN",-5
"KHE",2
"SZS",12
,4
"HJJ",8
,4
"YQI",-5
"ISO",7
"FFA",-4
,-3
,-3
,-3
"LNJ",8
"WNH",8
"PLL",-4
"SJL",-4
,-4
"CKS",-3
,-3
"ITB",-4
"LTU",5.5
"MWK",7
"QFZ",1
,1
"QMZ",1
"GWW",1
"ZPQ",1
,1
"TTR",8
,1
,-5
"PGU",3.5
"YES",3.5
"OSB",4
"TJH",9
"AXJ",9
"KKX",9
"AGJ",9
,9
"HAE",9
"LAC",8
,7
"UGA",7
"ULO",7
"BPR",8
"LBX",8
"BJT",5.5
"DIW",5.5
"TJU",5
"CMJ",8
"TAZ",5
"BWB",8
"MWB",8
"EXM",8
"DRB",8
"WGE",10
"BRT",9.5
"DKI",10
"LZR",10
"HLT",10
"HCQ",8
"FIZ",8
"RVT",8
,9
"PVU",-6
"SBS",-6
"DTA",-6
"RIF",-6
"PUC",-6
"LAM",-6
"BXS",-7
"HII",-7
"INW",-7
"DGL",-7
"MZK",12
"AEA",12
"AAK",10
"KUC",10
"AIS",10
"TMN",10
"BEZ",10
"NIG",10
"BBG",10
"MTK",10
"MNK",10
"NON",10
"TSU",10
"BOT",10
"IMI",12
"TIC",12
,12
"EAL",12
"LML",12
"AIC",12
"EJT",12
"WTZ",12
"KTF",12
"C23",9
,9
"AAU",-11
"AFT",11
"RNA",11
"CHY",11
"NNB",11
"XYA",11
"BPF",11
"BOW",-6
"KMW",3
,3
,8
,8
,8
"FTI",-11
"OFU",-11
"LVK",-8
"MPI",-8
,-8
"GFY",1
"NDU",1
"BPU",-9
"HRN",10
"LYT",10
"ORS",10
"QQP",0
,0
,1
"AGM",-2
,-10
,10
,10
"TRM",-7
"SMO",-7
"UDD",-7
"ZSY",-7
"OLM",-7
"DWA",-7
"RIL",-6
"SAA",-6
"PDK",-4
"BMG",-4
"SUA",-4
"MMU",-5
"APC",-7
"SDM",-7
,1
"PHK",-5
,-5
,-5
"KIE",3
"NEZ",3
,0
,0
"MFT",-5
"ECP",-6
"SBD",-8
"VAL",3
"MVF",-3
"CAU",-3
"AWK",8
"QNV",-3
"XPG",1
"XGB",1
"XSH",1
,-3
,-3
,-3
,-3
"SQL",-8
,2
"OSZ",1
,2
,8
,8
"LEY",1
"RWI",-5
,-8
"SXQ",-8
"SEE",-8
,-8
"LTX",-5
"STP",0
,1
"JMY",0
,2
"PHA",7
"SQH",7
"...",-7
"FRJ",1
"GEX",10
,-5
,-8
"QPP",2
"ZYA",1
,12
,3
,3
"RYY",-5
"ONH",-5
,-1
"ASI",0
"4U9",-7
"LVM",-7
"ZWR",-2
,1
"6S0",-7
"BIV",-5
,0
,1
,2
,2
,1
,-7
,1
"JRA",-5
,1
,1
"LAL",-4
,1
,1
,7
,4
,5
,3
,1
,1
,-1
,0
,0
,0
,1
,-1
,1
,-5
,0
,-5
,-5
,0
,1
,1
,-8
,-10
,-10
,-10
,-10
,-10
,-8
,-8
,-8
,-8
,-8
"SYH",5.75
"IDL",-5
,7
"F70",-8
,-9
,-9
"FNU",1
,0
"MYQ",5.5
"PCW",-5
"MGY",-5
"RID",-5
"FDY",-5
,-5
,10
,-5
,-4
"PEA",9.5
,12
"KFX",2
"MUQ",2
"NUR",2
"EBE",2
"AUB",2
"BIE",2
"BUH",2
"FUX",2
"KEX",2
"AIE",-10
"SIM",-10
"AUJ",-10
,0
,0
"OAL",2
"MOS",2
"ESX",2
"BOX",3
"KOX",2
,2
,0
"BBP",0
,-4
,1
"LES",2
"SPF",-7
"KNO",-1
,10
"QYD",2
,1
,1
,1
,1
"OLV",-6
,-4
,7
,-5
"ONQ",2
"BJC",-7
,-6
,-7
,-8
"SLE",-7
"UTM",-6
,5
,4
"ZKB",2
"LND",2
"WPU",-4
"UDE",1
,1
,1
,1
,1
,1
"MWC",-6
"JVL",-6
,2
"HTF",0
,8
,-5
,-5
"GKY",-5
"LZU",-4
"BWG",-5
"RVS",-5
,-8
,-8
"NOI",3
"NHD",4
"KGO",2
,1
"DBB",2
"BCE",-7
"HDB",1
"BUY",-4
"CKL",3
"TCZ",8
"UKS",2
,7
"WZY",-5
,3
,1
,4.5
"JCI",-6
"ESN",-5
"HMR",1
,1
,1
"R49",-8
"MYV",-8
,1
"STO",1
"JHE",1
,10
"DUC",-6
,-5
,5
,2
"E91",-7
"UVA",-6
"LOT",-6
"C16",-6
"CCR",-8
"OCA",-5
,-7
,0
,1
,1
"YUS",8
"PYC",-5
"UTU",-5
"MPU",-5
"HIA",8
,1
,1
"PVE",-5
"YOO",-5
,-1
,1
"LHA",1
,6.5
,-5
"SGH",-5
"MSI",4
,0
"HEX",-6
"CDA",9.5
"JAB",9.5
,12.75
,1
,1
,1
,1
"RGB",2
"TLG",2
,-3
"MPB",-5
"HGS",0
"TOP",-6
,3
"EMP",-6
,-6
,-5
,-6
,-6
"NGQ",8
"CSO",1
"WZB",2
"TKI",-6
"PWK",-6
,1
"KLS",-8
,1
"3W2",-6
,0
,-7
,-7
,-8
,-8
"ZTA",-10
,12
,3
,3
,3
,3
,9
,9
,1
"TWD",-8
"38W",-8
"0S9",-8
,1
,1
,1
,0
"PUE",-5
"KHC",-2
,8
,8
,-5
,1
"XDS",-5
"XVV",-5
"XZL",-7
"ZRD",-5
"XKL",8
"XAD",-6
"XEF",-6
,-5
"UKA",3
,-9
"ILN",-5
"AVW",-7
"CGZ",-7
,-7
"BXK",-7
"E63",-7
"MMI",-5
"STK",-7
"RWL",-7
"YZY",-8
,1
,1
"CDW",-4
"AIZ",-5
,4
"L35",-7
"KIP",3
,-8
"BAM",1
"IGS",1
"TVI",-5
"HSH",-8
"GML",2
,8
,8
,9
,9
"TMA",-5
,1
,1
,-5
,-5
,-5
,-3
,9
,9
,9
"ZRB",1
,1
,1
,1
"XYG",1
,1
,1
,1
,1
"QQS",0
,2
,1
,1
"ULX",2
"QXR",1
"DVT",-7
"YBW",-7
"YGE",-7
"YRV",-8
,-5
,1
,1
,1
,-4
,1
,-8
"TYA",3
"HDO",-5
"ZHY",8
,-6
,-6
,-6
,-8
,-8
,-8
"MCL",-8
"LHD",8
"PPC",-9
"KHW",2
,1
"TXG",8
"HCC",-4
